time=2026-01-06 11:42:30
ip=127.0.0.1
user_query=hi
stage=decision making
response={
  "category": "unrelated",
  "answer": "Hello! How can I assist you with the school management system today?",
  "confidence": 1.0
}
embedding_model=nomic
retrieved_chunks=
----------------------------------------
time=2026-01-06 11:42:58
ip=127.0.0.1
user_query=what is eschool?
stage=decision making
response={
  "category": "related",
  "answer": "",
  "confidence": 1.0
}
embedding_model=nomic
retrieved_chunks=
----------------------------------------
time=2026-01-06 11:43:04
ip=127.0.0.1
user_query=what is eschool?
stage=answer generation
response={
  "answer": "eSchool Portal is a comprehensive, AI-powered school management system offering integrated solutions for student enrollment, attendance, grades, communication, and online learning. It serves as a modern school information management system designed to empower educational institutions with a user-friendly platform.",
  "confidence": 1.0
}
embedding_model=nomic
retrieved_chunks= Text: eSchool Room Overview: This is a Live Online Classes | Virtual Learning Platform – eSchool. Virtual Classroom Platform. It provides a robust platform that engages students with interactive content, and effective educational experience through virtual classroom features. Deliver interactive virtual classes with eSchool Live. Host real-time lessons, share presentations, and engage students in a secure online classroom.Keywords: eschool live class, virtual classroom, online teaching, real-time school classes, digital lessons, remote learning platform Google Play: https://play.google.com/store/apps/details?id=com.eschool.liveclass App Store: https://apps.apple.com/us/app/eschool-rooms/id1585677892 Web Version: https://www.myeschoolhome.com/account/login.html?lang=en&target=%2F
 Section: Overview
 URL: https://web.myeschoolhome.com/products/room . 

 Text: eSchool Content Overview: This is a Digital Learning Resources | Upload & Share Educational Content – eSchool. Digital Learning Resources. Rich digital content library and learning resources platform that delivers educational materials—articles, videos, interactive content—to support student learning. Distribute educational materials and digital content through eSchool. Empower teachers and students with access to files, lectures, and multimedia resources.Keywords: eschool content, digital education materials, learning resources, e-learning platform, school content sharing, online lectures Google Play: https://play.google.com/store/apps/details?id=eschool.apps.eschoolshelves App Store: https://apps.apple.com/us/app/eschool-content/id1296241492 Web Version: https://www.myeschoolhome.com/account/login.html?lang=en&target=%2F
 Section: Overview
 URL: https://web.myeschoolhome.com/products/content . 

 Text: Overview: This is a Our Products | Comprehensive School Management Solutions – eSchool. Explore eSchool's suite of digital products designed to streamline education operations—ranging from attendance tracking and grade reporting to financial and communication tools for modern schools.Keywords: eschool products, school software, education technology, attendance system, gradebook software, school financial tools, online school platform, school digital transformation
 Section: Overview
 URL: https://web.myeschoolhome.com/products . 

 Text: eSchool Gradebook Overview: This is a Online Gradebook System | Real-Time Student Grades – eSchool. Grades Made Smarter. The eSchool Gradebook is an all-in-one digital tool that allows teachers to record, manage, and share student grades in real time. It simplifies grading, supports transparent academic communication, and helps schools maintain accurate performance records effortlessly. Track and manage student performance with eSchool’s Gradebook. Access real-time grades, averages, and assessment reports for transparent academic tracking.Keywords: eschool gradebook, student grades online, digital report card, academic performance tracking, online assessment, school grading system Google Play: https://play.google.com/store/apps/details?id=com.eschool.gradebook App Store: https://apps.apple.com/us/app/eschool-gradebook/id1322901106 Web Version: https://www.myeschoolhome.com/account/login.html?lang=en&target=%2F
 Section: Overview
 URL: https://web.myeschoolhome.com/products/gradebook . 

 Text: eSchool Exams Overview: This is a Exam Management System | Schedule & Track School Exams – eSchool. Digital Examination System. Digital examination system with automated grading and comprehensive exam management features. Organize exams efficiently with eSchool. Plan exam schedules, publish results, and provide students with seamless access to performance feedback.Keywords: eschool exams, exam scheduling, school assessments, student results, online exam platform, exam results management Google Play:  App Store:  Web Version: https://www.myeschoolhome.com/account/login.html?lang=en&target=%2F#/!/home
 Section: Overview
 URL: https://web.myeschoolhome.com/products/exams . 

 Text: eSchool Administrator Overview: This is a School Administration Platform | eSchool Administrator. Complete School Management. It centralizes administrative tasks, financial tracking, and educational content, fostering a cohesive and organized environment for effective school management. Centralize administrative tasks, financial tracking, and content management with eSchool Administrator.Keywords: eschool administrator, school management, financial tracking, content management Google Play:  App Store:  Web Version:
 Section: Overview
 URL: https://web.myeschoolhome.com/products/administrator . 

 Text: eSchool Connect Overview: This is a Parent-Teacher Online Communication Platform | eSchool Connect. School Communication. A secure communication platform uniting teachers, parents, and students. Integrated within eSchool LMS and mobile app, it supports smooth, safe communication across your school community. Enhance online communication between parents, students, and teachers with eSchool Connect. Stay updated with messages, announcements, and school updates in real-time.Keywords: eschool connect, parent-teacher communication, school notifications, online school messaging, real-time updates, school announcements Google Play: https://play.google.com/store/apps/details?id=xdk.intel.cordova.eSchoolApp App Store: https://apps.apple.com/us/app/eschool-connect/id1056313709 Web Version: https://www.myeschoolhome.com/account/login.html?lang=en&target=%2F
 Section: Overview
 URL: https://web.myeschoolhome.com/products/connect . 

 Text: eSchool Agenda Overview: This is a Smart School Scheduling | eSchool Agenda. A Paperless Agenda. Organize assignments, deadlines, and live classes all in one eco-friendly planner. Manage school events, classes, and deadlines efficiently with eSchool Agenda.Keywords: eschool agenda, school calendar, event management, scheduling, deadline tracking Google Play: https://play.google.com/store/apps/details?id=com.eschool.agenda App Store: https://apps.apple.com/us/app/eschool-agenda/id1434284896 Web Version: https://www.myeschoolhome.com/account/login.html?lang=en&target=%2F
 Section: Overview
 URL: https://web.myeschoolhome.com/products/agenda . 

 Text: eSchool Safety Overview: This is a School Safety & Attendance Monitoring | Secure Student Check-ins – eSchool. Always Know They’re Safe. eSchool Safety is a sophisticated mobile application designed for parents to seamlessly track their children's school bus in real-time, providing invaluable peace of mind. Ensure student safety with real-time attendance tracking, secure bus monitoring, and digital check-in systems via the eSchool platform.Keywords: eschool safety, student check-in, school attendance monitoring, student bus tracking, school security system, digital attendance Google Play: https://play.google.com/store/apps/details?id=com.eschool.safety App Store: https://apps.apple.com/us/app/eschool-safety/id1239307419 Web Version: https://www.myeschoolhome.com/account/login.html?lang=en&target=%2F
 Section: Overview
 URL: https://web.myeschoolhome.com/products/safety . 

 Text: Overview: Contact Us | Get in Touch with eSchool Team. Have questions or need support? Reach out to the eSchool team for product inquiries, partnerships, or customer service assistance. We're here to help. eschool contact, get in touch, school software support, edtech contact, education solutions inquiry, eschool Lebanon.
 Section: Overview
 URL: https://web.myeschoolhome.com/contact . 

 Text: Overview: Insights & Articles | Education Technology Blog by eSchool. Read expert insights, guides, and thought leadership articles on digital education, school management, and the future of learning from the eSchool team. eschool blog, education articles, school management tips, edtech blog, digital learning, school leadership, modern education.
 Section: Overview
 URL: https://web.myeschoolhome.com/blog . 

 Text: Get in Touch | Email: info@eschooledu.com
Get in Touch | Location Addresss: Hamra - Sanayeh, Beirut, Lebanon, BAC Center building, Third floor
Get in Touch | Facebook: https://www.facebook.com/eschooledu/#
Get in Touch | Instagram: https://www.instagram.com/eschool.leb/?igshid=OGQ2MjdiOTE%3D
Get in Touch | LinkedIn: https://www.linkedin.com/company/eschool-edu/
Get in Touch | Send Us a Message: Fill the form on website, fill you First Name, Last Name, Email, Phone, and Message
 Section: Get in Touch
 URL: https://web.myeschoolhome.com/contact . 

 Text: Description: eSchool Portal | Modern School Information Management System. eSchool the preferred choice for educational institutions worldwide. eSchool Portal is a comprehensive, AI-powered school management system offering integrated solutions for student enrollment, attendance, grades, communication, and online learning. Empower your educational institution with our user-friendly platform. Keywords: eSchool Portal, school management system, student information system, AI-powered education, online learning platform, school ERP, digital classrooms, education technology, school administration software, eSchool Lebanon.
 Section: Description
 URL: https://web.myeschoolhome.com/ . 

 Text: What Our Clients Say: eSchool is a versatile platform that was able to adopt and transform the learning process from the in class teaching to online teaching in a smooth and effective manner. The platform is comprehensive and covers all aspects of the learning process. Its ability to be a platform where the school can offer online classes , agenda, e-library, online assessment and many other features makes it a must have for today’s education needs. Written by: Dr. Jimmy Choufani, School Principal
 Section: What Our Clients Say
 URL: https://web.myeschoolhome.com/ . 

 Text: eSchool Connect: Grades, objectives, behavior, and everything that contributes to creating a complete student's portfolio: The school app's comprehensive student file goes beyond mere academic grades, encompassing a wide range of essential information such as goals, behavioral records, and other pertinent details. This feature establishes a holistic and centralized approach to student development and assessment. By consolidating diverse aspects of a student's educational journey in one place, the app provides educators and administrators with a comprehensive view of each student's progress, strengths, and areas for improvement. This centralized student file not only aids in academic evaluation but also facilitates a more informed and personalized approach to support each student's growth. Educators can track individual goals, monitor behavioral patterns, and collaborate effectively to ensure a well-rounded educational experience. This holistic perspective enhances the overall understanding of students' needs, contributing to a more tailored and effective educational environment.
 Section: Grades, objectives, behavior, and everything that contributes to creating a complete student's portfolio
 URL: https://web.myeschoolhome.com/products/connect . 
----------------------------------------
time=2026-01-06 11:43:23
ip=127.0.0.1
user_query=where is the company located?
stage=decision making
response={
  "category": "related",
  "answer": "",
  "confidence": 1.0
}
embedding_model=nomic
retrieved_chunks=
----------------------------------------
time=2026-01-06 11:43:27
ip=127.0.0.1
user_query=where is the company located?
stage=answer generation
response={
  "answer": "The company is located at Hamra - Sanayeh, Beirut, Lebanon, BAC Center building, Third floor.",
  "confidence": 1.0
}
embedding_model=nomic
retrieved_chunks= Text: Our Journey - Today: Leading Innovation. eSchool company stands as a beacon of educational excellence in the digital realm. With years of innovation and dedication under our belt, we continue to redefine the landscape of learning, adapting to the evolving needs of students and educators alike. Our commitment to providing top-tier digital school services remains unwavering, as we strive to empower learners and facilitate seamless educational experiences. From interactive lessons to collaborative platforms, we remain at the forefront of educational technology, shaping the future of learning with every click and connection.
 Section: Our Journey - Today
 URL: https://web.myeschoolhome.com/about . 

 Text: It's an honor for us to receive this certificate. We would like to thank you and your team for all the support you gave and for always being there. We wish you continuous success in your business. Thank you. Written by: Mrs. Rabab Abdullah Juma, Director
 Section: What Our Clients Say
 URL: https://web.myeschoolhome.com/ . 

 Text: Our Journey - 2007: Empowering Education Through Innovation. Our company’s dedication to spearheading digital transformation in education across Arab educational institutions became a priority. We envisioned a future where innovative technologies enhance learning experiences, making education more accessible and impactful for everyone. Our mission was and is still to collaborate with stakeholders to build robust digital infrastructure, develop tailored educational resources, and advocate for policies that support the integration of technology in education.
 Section: Our Journey - 2007
 URL: https://web.myeschoolhome.com/about . 

 Text: Our Journey - 2023: Empowering Education: Now and Beyond. In the present and looking toward the future, eSchool company has forged integration agreements with leading educational companies to enhance our curriculum. These partnerships empower our educational offerings by supplementing the school curriculum presented by teachers in the classroom. Students now have access to a rich array of educational videos directly related to their subjects, allowing them to deepen and reinforce their knowledge. This integration ensures a more comprehensive and engaging learning experience, bridging classroom instruction with high-quality digital content.
 Section: Our Journey - 2023
 URL: https://web.myeschoolhome.com/about . 

 Text: Exploring the Horizons of Education through Artificial Intelligence – eSchool Conference, Tripoli on 03-05-2025: eSchool organized its second conference titled 'Exploring Education Horizons Through Artificial Intelligence' at Dar Al Amar restaurant in Tripoli, North Lebanon. The event brought together numerous school principals, curriculum supervisors, and coordinators. Learn more: https://web.myeschoolhome.com/news-events/w238rBoabOj Mr. Osama Ezzeddine, CEO of eSchool, welcomed the attendees and emphasized the school's critical role in community building. He highlighted the importance of digital transformation for enhancing educational quality and outlined eSchool's forward-looking vision, including the strategic integration of artificial intelligence into the eSchool platform. He also underscored the company's partnerships with leading global providers of interactive digital educational content, aimed at enriching the student learning experience and making it more accessible and engaging. He concluded by calling for a redefinition of the concept of schooling—one that offers modern, humane education designed to cultivate knowledgeable, empowered generations. Learn more: https://web.myeschoolhome.com/news-events/w238rBoabOj Following this, Ms. Rana Hamadeh, Head of the Training Department, delivered a detailed overview of eSchool's applications, highlighting its key services and features. She also discussed the upcoming AI-powered tools to be introduced in the next academic year and detailed the interactive digital content available for educational materials. The conference concluded with engaging networking sessions and productive side discussions among supporters and participants. Learn more: https://web.myeschoolhome.com/news-events/w238rBoabOj
 Section: Exploring the Horizons of Education through Artificial Intelligence – eSchool Conference, Tripoli on 03-05-2025
 URL: https://web.myeschoolhome.com/news-events . 

 Text: Overview: This is a Our Products | Comprehensive School Management Solutions – eSchool. Explore eSchool's suite of digital products designed to streamline education operations—ranging from attendance tracking and grade reporting to financial and communication tools for modern schools.Keywords: eschool products, school software, education technology, attendance system, gradebook software, school financial tools, online school platform, school digital transformation
 Section: Overview
 URL: https://web.myeschoolhome.com/products . 

 Text: Get in Touch | Email: info@eschooledu.com
Get in Touch | Location Addresss: Hamra - Sanayeh, Beirut, Lebanon, BAC Center building, Third floor
Get in Touch | Facebook: https://www.facebook.com/eschooledu/#
Get in Touch | Instagram: https://www.instagram.com/eschool.leb/?igshid=OGQ2MjdiOTE%3D
Get in Touch | LinkedIn: https://www.linkedin.com/company/eschool-edu/
Get in Touch | Send Us a Message: Fill the form on website, fill you First Name, Last Name, Email, Phone, and Message
 Section: Get in Touch
 URL: https://web.myeschoolhome.com/contact . 

 Text: Exploring the Horizons of Education through Artificial Intelligence – eSchool Conference, Beirut on 06-03-2025: eSchool organized its second conference titled 'Exploring Education Horizons Through Artificial Intelligence' at Galleria hotel in Beirut, Lebanon. The conference was attended by a large number of school principals, curriculum supervisors, and coordinators. Learn more: https://web.myeschoolhome.com/news-events/8Q2YaYV9PdM Mr. Osama Ezzeddine, CEO of eSchool, welcomed the attendees and emphasized the school's role in community building, highlighting the importance of digital transformation in enhancing educational quality. He also outlined eSchool's forward-looking vision, highlighting the strategic integration of artificial intelligence into the eSchool platform. He drew attention to the company's partnerships with leading global providers of interactive digital educational content, aimed at enriching the learning experience and making it more accessible and engaging for students. He concluded by calling for a redefinition for the concept of schooling by offering modern, humane education that cultivates knowledgeable generations. Learn more: https://web.myeschoolhome.com/news-events/8Q2YaYV9PdM Following that, Ms. Rana Hamadeh, Head of the Training Department, provided a detailed overview of eSchool's applications, highlighting key services and features. She discussed the upcoming AI-powered tools to be introduced in the next academic year and detailed the interactive digital content for educational materials. The conference concluded with networking sessions and side discussions among supporters and participants. Learn more: https://web.myeschoolhome.com/news-events/8Q2YaYV9PdM
 Section: Exploring the Horizons of Education through Artificial Intelligence – eSchool Conference, Beirut on 06-03-2025
 URL: https://web.myeschoolhome.com/news-events . 

 Text: eSchool Connect: HR Services: An integrated Human Resources (HR) service is provided, significantly streamlining administrative processes related to personnel management. This feature offers a centralized platform where staff can efficiently handle various HR matters. From managing employee records and facilitating leave requests to handling payroll and other administrative tasks, the integrated HR service enhances organizational efficiency. By consolidating these functions within the app, the school not only simplifies its administrative workload but also ensures a more organized and accessible approach to human resource management, contributing to a smoother overall operation.
 Section: HR Services
 URL: https://web.myeschoolhome.com/products/connect . 

 Text: Description: eSchool Portal | Modern School Information Management System. eSchool the preferred choice for educational institutions worldwide. eSchool Portal is a comprehensive, AI-powered school management system offering integrated solutions for student enrollment, attendance, grades, communication, and online learning. Empower your educational institution with our user-friendly platform. Keywords: eSchool Portal, school management system, student information system, AI-powered education, online learning platform, school ERP, digital classrooms, education technology, school administration software, eSchool Lebanon.
 Section: Description
 URL: https://web.myeschoolhome.com/ . 

 Text: eSchool Gradebook: Prepare Easily by Using Our Daily Planner: Harness the power of the Daily Planner to meticulously prepare lessons, ensuring thorough organization of steps, resources, and objectives. With this tool, you can seamlessly attach files and images, fostering enriched learning experiences. Furthermore, facilitate effective communication by sharing comments with managers, fostering collaboration and alignment with organizational goals.
 Section: Prepare Easily by Using Our Daily Planner
 URL: https://web.myeschoolhome.com/products/gradebook . 

 Text: eSchool Safety Overview: This is a School Safety & Attendance Monitoring | Secure Student Check-ins – eSchool. Always Know They’re Safe. eSchool Safety is a sophisticated mobile application designed for parents to seamlessly track their children's school bus in real-time, providing invaluable peace of mind. Ensure student safety with real-time attendance tracking, secure bus monitoring, and digital check-in systems via the eSchool platform.Keywords: eschool safety, student check-in, school attendance monitoring, student bus tracking, school security system, digital attendance Google Play: https://play.google.com/store/apps/details?id=com.eschool.safety App Store: https://apps.apple.com/us/app/eschool-safety/id1239307419 Web Version: https://www.myeschoolhome.com/account/login.html?lang=en&target=%2F
 Section: Overview
 URL: https://web.myeschoolhome.com/products/safety . 

 Text: eSchool Online Courses & Training Program on 30-12-2024: eSchool is thrilled to launch its online training courses for individuals interested in our innovative educational platform. These courses offer comprehensive instruction on how to use and implement our system and applications within real educational environments. High-achieving participants are offered unique opportunities to work directly with us. We provide school placements where trainees can gain hands-on experience. Those who excel may also become official eSchool representatives both in Lebanon and internationally. This program is ideal for aspiring educators and tech enthusiasts looking to jumpstart their careers. By joining, participants not only enhance their professional skills but also contribute meaningfully to the advancement of modern education. Learn more: https://web.myeschoolhome.com/news-events/LyzZa0orEKW
 Section: eSchool Online Courses & Training Program on 30-12-2024
 URL: https://web.myeschoolhome.com/news-events . 

 Text: eSchool Administrator Financial File: It handles student enrollment, exam scheduling, and financial transactions, including discounts and fees, with documents automatically sent to the accounting department. Transfers are managed through registration, using the eSchool Driver and Safety app for monitoring. Clubs are defined and students enrolled, generating specific lists. The cafeteria issues cards linked to balances for purchases, directly connected to accounting. Financial reports enable analysis of revenue, installments, and overdue payments, with reminders sent to parents via the eSchool Connect app. It deals with defining financial accounts and cost centers, linking payment vouchers and daily entries to these centers to obtain profit and loss results for each center. The school can control its expenses through various program settings linked to the budget. It includes several accounting statements that can be extracted from the trial balance, account statement, accounts receivable statement, cash flow statement, etc. Assets management allows for the preparation of asset purchase invoices and their automatic transfer to accounting, tracking maintenance for each asset to monitor its consumption and transfer its book value at the end of the financial cycle to accounting. Mechanisms management involves entering all information related to the school's machinery, daily maintenance, and recording incidents, with multiple reports extracted accordingly. It is responsible for defining the school's warehouses, including defining items and linking them to categories so that users can generate sales invoices or point of sale transactions, enter purchase invoices, and delivery and receipt orders within the school departments, which are then directly transferred to the accounting department. Additionally, various reports are available, such as item movement statements, profit and loss statements at the item level, inventory lists, item sales by cost centers, and more. It manages routes, vehicles, and student assignments for efficient commuting. It includes features like route definition, vehicle details, student allocation, real-time tracking, and communication for updates and safety measures, enhancing transportation logistics for the school community.
 Section: Financial File
 URL: https://web.myeschoolhome.com/products/administrator . 

 Text: eSchool Administrator Employee File: It allows users to input personal, administrative, academic, and financial info for employees and teachers. Applicants can apply online or in person, and acceptance is based on interviews or tests. Each employee has a file covering financial, insurance, compensation, loans, contracts, and salary details. Salaries are calculated and sent via eSchool Connect app, with deductions for insurance, compensation, and taxes. The system facilitates tax declarations, annual settlements, and financial obligations to the compensation fund and insurance.
 Section: Employee File
 URL: https://web.myeschoolhome.com/products/administrator . 
----------------------------------------
time=2026-01-06 11:44:35
ip=127.0.0.1
user_query=how to contact you?
stage=decision making
response={
  "category": "related",
  "answer": "",
  "confidence": 1.0
}
embedding_model=nomic
retrieved_chunks=
----------------------------------------
time=2026-01-06 11:44:40
ip=127.0.0.1
user_query=how to contact you?
stage=answer generation
response={
  "answer": "You can contact eSchool by phone at +961 81 853 832, +961 3 623 352, or +961 76 764 252 in Lebanon. They also have numbers for Iraq (+964 786 113 8857), Oman (+968 90 123 757), and Turkey (+90 507 925 7501). WhatsApp is available at +961 81 853 832 and +961 76 764 252. The company's headquarters is located at Hamra - Sanayeh, Beirut, Lebanon, BAC Center building, Third floor.",
  "confidence": 1.0
}
embedding_model=nomic
retrieved_chunks= Text: Overview: Contact Us | Get in Touch with eSchool Team. Have questions or need support? Reach out to the eSchool team for product inquiries, partnerships, or customer service assistance. We're here to help. eschool contact, get in touch, school software support, edtech contact, education solutions inquiry, eschool Lebanon.
 Section: Overview
 URL: https://web.myeschoolhome.com/contact . 

 Text: eSchool is a greatly efficient and user friendly program that allows students to study remotely and enables teachers to continuously communicate and follow up with their students. Additionally, it is important to note the prompt response of the support service at eSchool that never fails to assist whenever any issue is raised. Written by: Dana Fayad Rafei, Financial manager
 Section: What Our Clients Say
 URL: https://web.myeschoolhome.com/ . 

 Text: Product eSchool Connect: Seamless communication between parents, teachers, and students. Features: Parent Portal. Teacher Chat. Student Community
 Section: eSchool Connect
 URL: https://web.myeschoolhome.com/products/connect . 

 Text: eSchool Agenda: Empowering Parents to Stay Informed.: Empower yourself with real-time insights into your child's academic journey. Our app is more than just a tracking app; it's your partner in understanding and supporting your child's attitude and behavior at school. Receive instant updates on attendance, performance, and behavior, keeping you informed and involved every step of the way. With intuitive features and personalized notifications, you can proactively address any concerns and celebrate achievements together. Stay connected, stay informed, and nurture your child's success with our tracking app.
 Section: Empowering Parents to Stay Informed.
 URL: https://web.myeschoolhome.com/products/agenda . 

 Text: eSchool Safety Feature – Secure School Bus Communication: Two-way driver messaging, GPS-powered delay alerts, and emergency notifications keep families informed while logging every interaction for the school’s safety records.
 Section: Secure School Bus Communication
 URL: https://web.myeschoolhome.com/products/safety . 

 Text: eSchool Room: Record your meetings, activities, and shared screens, then access them from an archive where students replay missed lessons and teachers pull clips for evidence of curriculum coverage.
 Section: Record Your meetings, activities, shared screens and find it archived
 URL: https://web.myeschoolhome.com/products/room . 

 Text: eSchool Connect Overview: This is a Parent-Teacher Online Communication Platform | eSchool Connect. School Communication. A secure communication platform uniting teachers, parents, and students. Integrated within eSchool LMS and mobile app, it supports smooth, safe communication across your school community. Enhance online communication between parents, students, and teachers with eSchool Connect. Stay updated with messages, announcements, and school updates in real-time.Keywords: eschool connect, parent-teacher communication, school notifications, online school messaging, real-time updates, school announcements Google Play: https://play.google.com/store/apps/details?id=xdk.intel.cordova.eSchoolApp App Store: https://apps.apple.com/us/app/eschool-connect/id1056313709 Web Version: https://www.myeschoolhome.com/account/login.html?lang=en&target=%2F
 Section: Overview
 URL: https://web.myeschoolhome.com/products/connect . 

 Text: It's an honor for us to receive this certificate. We would like to thank you and your team for all the support you gave and for always being there. We wish you continuous success in your business. Thank you. Written by: Mrs. Rabab Abdullah Juma, Director
 Section: What Our Clients Say
 URL: https://web.myeschoolhome.com/ . 

 Text: eSchool Administrator Learning File: It facilitates the establishment of a structured framework for documenting both positive and negative behavioral incidents concerning students, aligning each observation with appropriate actions. Upon entry of any behavioral observation for a student, automatic notifications are dispatched to parents via the eSchool connect application. It boasts a comprehensive student profile section, encapsulating all essential information about each student. From academic records to extracurricular activities, attendance, and contact details, parents gain a holistic view of their child's educational journey, fostering informed involvement and support. It assesses prospective students seeking admission, storing all exam information and providing analytical reports to school administrators for informed decision-making.
 Section: Learning File
 URL: https://web.myeschoolhome.com/products/administrator . 

 Text: eSchool Administrator Archive File: It encompasses data on alumni through regularly updated forms, facilitating ongoing communication between the school and its graduates. Additionally, it generates statistical reports on the academic and professional trajectories of alumni. It manages the cataloging of library books and facilitates the borrowing process for both students and teachers, both within and outside the school premises. It oversees the coordination of activities, events, and ceremonies, including the management of invitations sent and received by the school. It helps Archiving session minutes, outgoing and incoming correspondence, and assigned tasks for individuals.
 Section: Archive File
 URL: https://web.myeschoolhome.com/products/administrator . 

 Text: Why eSchool?: Efficient Report Generation: Streamline your school's reporting process with efficient printing of financial statements, certificates, and grades. Our user-friendly system ensures all requirements are met with speed and accuracy. 24/7 Expert Support: Access round-the-clock expert support and training to ensure prompt service delivery. We address all your questions and inquiries with speed and efficiency, keeping your operations smooth. Seamless User Experience: Enjoy a user-friendly, clear, and intuitive experience designed for educators, students, and parents alike. Our platform makes managing school activities simple and enjoyable. Robust Data Protection: Secure your sensitive school data with our robust protection measures. We ensure secure access control based on job descriptions, safeguarding all stored information. Quality Monitoring & Supervision: Monitor and supervise the educational process to ensure smooth operations and quality control. Track progress and maintain high standards across all school activities. Comprehensive Digital Services: Offer a wide range of online services including student enrollment, online registration, and secure payment of fees. Simplify administrative tasks with our integrated digital platform. Eco-Friendly & Cost-Effective: Reduce costs, burden alleviation, and environmental protection by going paperless. Achieve significant cost savings while contributing to environmental sustainability. Empowering Educators: Equip your teachers with powerful tools for detailed student assessments, attendance management, and behavior tracking. Enhance teaching effectiveness and student engagement.
 Section: Why eSchool?
 URL: https://web.myeschoolhome.com/ . 

 Text: eSchool Safety Feature – Easy Tracking for Parents: Parents switch between children from one dashboard, view live GPS positions, and receive instant arrival alerts, delivering peace of mind on every commute.
 Section: Easy Tracking for Parents
 URL: https://web.myeschoolhome.com/products/safety . 

 Text: Interactive Online Learning: Deliver education through our comprehensive online platform, offering interactive lessons and the ability to create a complete virtual school environment. Advanced Operations Tracking: Track operations through comprehensive financial reports, administrative records, statistical analysis, and visual representations for informed decision-making. Smart Attendance Management: Efficiently manage employee attendance and absenteeism through a dedicated application with unique features designed for educational institutions. Digital Textbook Solution: Alleviate the burden of school bags by digitizing textbooks and eliminating the need for physical copies. Modern learning made accessible and portable. Accreditation Support: Assist your school in achieving accreditation with comprehensive documentation, reporting, and compliance tools designed to meet educational standards. Enhanced Parent Engagement: Enable parents to conveniently request certificates and schedule appointments with the administration. Facilitate seamless communication between all stakeholders. Ministry of Education Compliance: Highly aligned with the requirements of the Ministry of Education and major educational institutions, seamlessly integrating into the network of affiliated schools nationwide. Digital Memory Preservation: Create a uniquely distinctive yearbook for the school, capturing precious memories in a remarkable way that celebrates your institution's achievements and milestones. Multi-Stakeholder Communication: Facilitate communication between the administrative body, educational faculty, parents, and students through integrated messaging and collaboration tools.
 Section: Why eSchool?
 URL: https://web.myeschoolhome.com/ . 

 Text: eSchool Connect: Comments, Likes: Parents are given the opportunity to actively participate in the school community through the app's features, allowing them to comment on and express appreciation for various posts. By enabling interactions such as commenting and liking, the app not only facilitates communication but also cultivates a sense of community within the parental network. This engagement not only strengthens the connection between parents and educators but also creates a collaborative atmosphere where shared insights, questions, and positive feedback contribute to a more vibrant and supportive school environment.
 Section: Comments, Likes
 URL: https://web.myeschoolhome.com/products/connect . 

 Text: Get in Touch | Phone number Lebanon 1: +961 81 853 832
Get in Touch | Phone number Lebanon 2: +961 3 623 352
Get in Touch | Phone number Lebanon 3: +961 76 764 252
Get in Touch | Phone number Iraq: +964 786 113 8857
Get in Touch | Phone number Oman: +968 90 123 757
Get in Touch | Phone number Turkey: +90 507 925 7501
Get in Touch | WhatsApp: +961 81 853 832 +961 76 764 252
 Section: Get in Touch
 URL: https://web.myeschoolhome.com/contact . 
----------------------------------------
time=2026-01-06 11:46:50
ip=127.0.0.1
user_query=how to contact you?
stage=decision making
response={
  "category": "related",
  "answer": "",
  "confidence": 1.0
}
embedding_model=nomic
retrieved_chunks=
----------------------------------------
time=2026-01-06 11:46:55
ip=127.0.0.1
user_query=how to contact you?
stage=answer generation
response={
  "answer": "You can contact the eSchool team by phone or WhatsApp. The phone numbers are:\nLebanon: +961 81 853 832, +961 3 623 352, or +961 76 764 252\nIraq: +964 786 113 8857\nOman: +968 90 123 757\nTurkey: +90 507 925 7501\nWhatsApp: +961 81 853 832 or +961 76 764 252\nYou can also reach out for support via the contact page at https://web.myeschoolhome.com/contact.",
  "confidence": 1.0
}
embedding_model=nomic
retrieved_chunks= Text: Overview: Contact Us | Get in Touch with eSchool Team. Have questions or need support? Reach out to the eSchool team for product inquiries, partnerships, or customer service assistance. We're here to help. eschool contact, get in touch, school software support, edtech contact, education solutions inquiry, eschool Lebanon.
 Section: Overview
 URL: https://web.myeschoolhome.com/contact . 

 Text: eSchool is a greatly efficient and user friendly program that allows students to study remotely and enables teachers to continuously communicate and follow up with their students. Additionally, it is important to note the prompt response of the support service at eSchool that never fails to assist whenever any issue is raised. Written by: Dana Fayad Rafei, Financial manager
 Section: What Our Clients Say
 URL: https://web.myeschoolhome.com/ . 

 Text: Product eSchool Connect: Seamless communication between parents, teachers, and students. Features: Parent Portal. Teacher Chat. Student Community
 Section: eSchool Connect
 URL: https://web.myeschoolhome.com/products/connect . 

 Text: eSchool Agenda: Empowering Parents to Stay Informed.: Empower yourself with real-time insights into your child's academic journey. Our app is more than just a tracking app; it's your partner in understanding and supporting your child's attitude and behavior at school. Receive instant updates on attendance, performance, and behavior, keeping you informed and involved every step of the way. With intuitive features and personalized notifications, you can proactively address any concerns and celebrate achievements together. Stay connected, stay informed, and nurture your child's success with our tracking app.
 Section: Empowering Parents to Stay Informed.
 URL: https://web.myeschoolhome.com/products/agenda . 

 Text: eSchool Safety Feature – Secure School Bus Communication: Two-way driver messaging, GPS-powered delay alerts, and emergency notifications keep families informed while logging every interaction for the school’s safety records.
 Section: Secure School Bus Communication
 URL: https://web.myeschoolhome.com/products/safety . 

 Text: eSchool Room: Record your meetings, activities, and shared screens, then access them from an archive where students replay missed lessons and teachers pull clips for evidence of curriculum coverage.
 Section: Record Your meetings, activities, shared screens and find it archived
 URL: https://web.myeschoolhome.com/products/room . 

 Text: eSchool Connect Overview: This is a Parent-Teacher Online Communication Platform | eSchool Connect. School Communication. A secure communication platform uniting teachers, parents, and students. Integrated within eSchool LMS and mobile app, it supports smooth, safe communication across your school community. Enhance online communication between parents, students, and teachers with eSchool Connect. Stay updated with messages, announcements, and school updates in real-time.Keywords: eschool connect, parent-teacher communication, school notifications, online school messaging, real-time updates, school announcements Google Play: https://play.google.com/store/apps/details?id=xdk.intel.cordova.eSchoolApp App Store: https://apps.apple.com/us/app/eschool-connect/id1056313709 Web Version: https://www.myeschoolhome.com/account/login.html?lang=en&target=%2F
 Section: Overview
 URL: https://web.myeschoolhome.com/products/connect . 

 Text: It's an honor for us to receive this certificate. We would like to thank you and your team for all the support you gave and for always being there. We wish you continuous success in your business. Thank you. Written by: Mrs. Rabab Abdullah Juma, Director
 Section: What Our Clients Say
 URL: https://web.myeschoolhome.com/ . 

 Text: eSchool Administrator Learning File: It facilitates the establishment of a structured framework for documenting both positive and negative behavioral incidents concerning students, aligning each observation with appropriate actions. Upon entry of any behavioral observation for a student, automatic notifications are dispatched to parents via the eSchool connect application. It boasts a comprehensive student profile section, encapsulating all essential information about each student. From academic records to extracurricular activities, attendance, and contact details, parents gain a holistic view of their child's educational journey, fostering informed involvement and support. It assesses prospective students seeking admission, storing all exam information and providing analytical reports to school administrators for informed decision-making.
 Section: Learning File
 URL: https://web.myeschoolhome.com/products/administrator . 

 Text: eSchool Administrator Archive File: It encompasses data on alumni through regularly updated forms, facilitating ongoing communication between the school and its graduates. Additionally, it generates statistical reports on the academic and professional trajectories of alumni. It manages the cataloging of library books and facilitates the borrowing process for both students and teachers, both within and outside the school premises. It oversees the coordination of activities, events, and ceremonies, including the management of invitations sent and received by the school. It helps Archiving session minutes, outgoing and incoming correspondence, and assigned tasks for individuals.
 Section: Archive File
 URL: https://web.myeschoolhome.com/products/administrator . 

 Text: Why eSchool?: Efficient Report Generation: Streamline your school's reporting process with efficient printing of financial statements, certificates, and grades. Our user-friendly system ensures all requirements are met with speed and accuracy. 24/7 Expert Support: Access round-the-clock expert support and training to ensure prompt service delivery. We address all your questions and inquiries with speed and efficiency, keeping your operations smooth. Seamless User Experience: Enjoy a user-friendly, clear, and intuitive experience designed for educators, students, and parents alike. Our platform makes managing school activities simple and enjoyable. Robust Data Protection: Secure your sensitive school data with our robust protection measures. We ensure secure access control based on job descriptions, safeguarding all stored information. Quality Monitoring & Supervision: Monitor and supervise the educational process to ensure smooth operations and quality control. Track progress and maintain high standards across all school activities. Comprehensive Digital Services: Offer a wide range of online services including student enrollment, online registration, and secure payment of fees. Simplify administrative tasks with our integrated digital platform. Eco-Friendly & Cost-Effective: Reduce costs, burden alleviation, and environmental protection by going paperless. Achieve significant cost savings while contributing to environmental sustainability. Empowering Educators: Equip your teachers with powerful tools for detailed student assessments, attendance management, and behavior tracking. Enhance teaching effectiveness and student engagement.
 Section: Why eSchool?
 URL: https://web.myeschoolhome.com/ . 

 Text: eSchool Safety Feature – Easy Tracking for Parents: Parents switch between children from one dashboard, view live GPS positions, and receive instant arrival alerts, delivering peace of mind on every commute.
 Section: Easy Tracking for Parents
 URL: https://web.myeschoolhome.com/products/safety . 

 Text: Interactive Online Learning: Deliver education through our comprehensive online platform, offering interactive lessons and the ability to create a complete virtual school environment. Advanced Operations Tracking: Track operations through comprehensive financial reports, administrative records, statistical analysis, and visual representations for informed decision-making. Smart Attendance Management: Efficiently manage employee attendance and absenteeism through a dedicated application with unique features designed for educational institutions. Digital Textbook Solution: Alleviate the burden of school bags by digitizing textbooks and eliminating the need for physical copies. Modern learning made accessible and portable. Accreditation Support: Assist your school in achieving accreditation with comprehensive documentation, reporting, and compliance tools designed to meet educational standards. Enhanced Parent Engagement: Enable parents to conveniently request certificates and schedule appointments with the administration. Facilitate seamless communication between all stakeholders. Ministry of Education Compliance: Highly aligned with the requirements of the Ministry of Education and major educational institutions, seamlessly integrating into the network of affiliated schools nationwide. Digital Memory Preservation: Create a uniquely distinctive yearbook for the school, capturing precious memories in a remarkable way that celebrates your institution's achievements and milestones. Multi-Stakeholder Communication: Facilitate communication between the administrative body, educational faculty, parents, and students through integrated messaging and collaboration tools.
 Section: Why eSchool?
 URL: https://web.myeschoolhome.com/ . 

 Text: eSchool Connect: Comments, Likes: Parents are given the opportunity to actively participate in the school community through the app's features, allowing them to comment on and express appreciation for various posts. By enabling interactions such as commenting and liking, the app not only facilitates communication but also cultivates a sense of community within the parental network. This engagement not only strengthens the connection between parents and educators but also creates a collaborative atmosphere where shared insights, questions, and positive feedback contribute to a more vibrant and supportive school environment.
 Section: Comments, Likes
 URL: https://web.myeschoolhome.com/products/connect . 

 Text: Get in Touch | Phone number Lebanon 1: +961 81 853 832
Get in Touch | Phone number Lebanon 2: +961 3 623 352
Get in Touch | Phone number Lebanon 3: +961 76 764 252
Get in Touch | Phone number Iraq: +964 786 113 8857
Get in Touch | Phone number Oman: +968 90 123 757
Get in Touch | Phone number Turkey: +90 507 925 7501
Get in Touch | WhatsApp: +961 81 853 832 +961 76 764 252
 Section: Get in Touch
 URL: https://web.myeschoolhome.com/contact . 
----------------------------------------
time=2026-01-08 10:30:10
ip=127.0.0.1
user_query=hello
stage=decision making
response={
  "category": "unrelated",
  "answer": "Hello! How can I assist you with the school management system today?",
  "confidence": 1.0
}
embedding_model=nomic
retrieved_chunks=
----------------------------------------
time=2026-01-08 10:30:41
ip=127.0.0.1
user_query=what is eschool?
stage=decision making
response={
  "category": "related",
  "answer": "",
  "confidence": 1.0
}
embedding_model=nomic
retrieved_chunks=
----------------------------------------
time=2026-01-08 10:30:53
ip=127.0.0.1
user_query=what is eschool?
stage=answer generation
response={
  "answer": "eSchool is a comprehensive, AI-powered school management system and modern school information management system. It's a versatile platform that serves as a preferred choice for educational institutions worldwide, offering integrated solutions for student enrollment, attendance, grades, communication, and online learning. eSchool Portal is a comprehensive platform that covers all aspects of the learning process, including online classes, agenda, e-library, online assessment, and many other features.",
  "confidence": 1.0
}
embedding_model=nomic
retrieved_chunks= Text: eSchool Room Overview: This is a Live Online Classes | Virtual Learning Platform – eSchool. Virtual Classroom Platform. It provides a robust platform that engages students with interactive content, and effective educational experience through virtual classroom features. Deliver interactive virtual classes with eSchool Live. Host real-time lessons, share presentations, and engage students in a secure online classroom.Keywords: eschool live class, virtual classroom, online teaching, real-time school classes, digital lessons, remote learning platform Google Play: https://play.google.com/store/apps/details?id=com.eschool.liveclass App Store: https://apps.apple.com/us/app/eschool-rooms/id1585677892 Web Version: https://www.myeschoolhome.com/account/login.html?lang=en&target=%2F
 Section: Overview
 URL: https://web.myeschoolhome.com/products/room . 

 Text: eSchool Content Overview: This is a Digital Learning Resources | Upload & Share Educational Content – eSchool. Digital Learning Resources. Rich digital content library and learning resources platform that delivers educational materials—articles, videos, interactive content—to support student learning. Distribute educational materials and digital content through eSchool. Empower teachers and students with access to files, lectures, and multimedia resources.Keywords: eschool content, digital education materials, learning resources, e-learning platform, school content sharing, online lectures Google Play: https://play.google.com/store/apps/details?id=eschool.apps.eschoolshelves App Store: https://apps.apple.com/us/app/eschool-content/id1296241492 Web Version: https://www.myeschoolhome.com/account/login.html?lang=en&target=%2F
 Section: Overview
 URL: https://web.myeschoolhome.com/products/content . 

 Text: Overview: This is a Our Products | Comprehensive School Management Solutions – eSchool. Explore eSchool's suite of digital products designed to streamline education operations—ranging from attendance tracking and grade reporting to financial and communication tools for modern schools.Keywords: eschool products, school software, education technology, attendance system, gradebook software, school financial tools, online school platform, school digital transformation
 Section: Overview
 URL: https://web.myeschoolhome.com/products . 

 Text: eSchool Gradebook Overview: This is a Online Gradebook System | Real-Time Student Grades – eSchool. Grades Made Smarter. The eSchool Gradebook is an all-in-one digital tool that allows teachers to record, manage, and share student grades in real time. It simplifies grading, supports transparent academic communication, and helps schools maintain accurate performance records effortlessly. Track and manage student performance with eSchool’s Gradebook. Access real-time grades, averages, and assessment reports for transparent academic tracking.Keywords: eschool gradebook, student grades online, digital report card, academic performance tracking, online assessment, school grading system Google Play: https://play.google.com/store/apps/details?id=com.eschool.gradebook App Store: https://apps.apple.com/us/app/eschool-gradebook/id1322901106 Web Version: https://www.myeschoolhome.com/account/login.html?lang=en&target=%2F
 Section: Overview
 URL: https://web.myeschoolhome.com/products/gradebook . 

 Text: eSchool Exams Overview: This is a Exam Management System | Schedule & Track School Exams – eSchool. Digital Examination System. Digital examination system with automated grading and comprehensive exam management features. Organize exams efficiently with eSchool. Plan exam schedules, publish results, and provide students with seamless access to performance feedback.Keywords: eschool exams, exam scheduling, school assessments, student results, online exam platform, exam results management Google Play:  App Store:  Web Version: https://www.myeschoolhome.com/account/login.html?lang=en&target=%2F#/!/home
 Section: Overview
 URL: https://web.myeschoolhome.com/products/exams . 

 Text: eSchool Administrator Overview: This is a School Administration Platform | eSchool Administrator. Complete School Management. It centralizes administrative tasks, financial tracking, and educational content, fostering a cohesive and organized environment for effective school management. Centralize administrative tasks, financial tracking, and content management with eSchool Administrator.Keywords: eschool administrator, school management, financial tracking, content management Google Play:  App Store:  Web Version:
 Section: Overview
 URL: https://web.myeschoolhome.com/products/administrator . 

 Text: eSchool Connect Overview: This is a Parent-Teacher Online Communication Platform | eSchool Connect. School Communication. A secure communication platform uniting teachers, parents, and students. Integrated within eSchool LMS and mobile app, it supports smooth, safe communication across your school community. Enhance online communication between parents, students, and teachers with eSchool Connect. Stay updated with messages, announcements, and school updates in real-time.Keywords: eschool connect, parent-teacher communication, school notifications, online school messaging, real-time updates, school announcements Google Play: https://play.google.com/store/apps/details?id=xdk.intel.cordova.eSchoolApp App Store: https://apps.apple.com/us/app/eschool-connect/id1056313709 Web Version: https://www.myeschoolhome.com/account/login.html?lang=en&target=%2F
 Section: Overview
 URL: https://web.myeschoolhome.com/products/connect . 

 Text: eSchool Agenda Overview: This is a Smart School Scheduling | eSchool Agenda. A Paperless Agenda. Organize assignments, deadlines, and live classes all in one eco-friendly planner. Manage school events, classes, and deadlines efficiently with eSchool Agenda.Keywords: eschool agenda, school calendar, event management, scheduling, deadline tracking Google Play: https://play.google.com/store/apps/details?id=com.eschool.agenda App Store: https://apps.apple.com/us/app/eschool-agenda/id1434284896 Web Version: https://www.myeschoolhome.com/account/login.html?lang=en&target=%2F
 Section: Overview
 URL: https://web.myeschoolhome.com/products/agenda . 

 Text: eSchool Safety Overview: This is a School Safety & Attendance Monitoring | Secure Student Check-ins – eSchool. Always Know They’re Safe. eSchool Safety is a sophisticated mobile application designed for parents to seamlessly track their children's school bus in real-time, providing invaluable peace of mind. Ensure student safety with real-time attendance tracking, secure bus monitoring, and digital check-in systems via the eSchool platform.Keywords: eschool safety, student check-in, school attendance monitoring, student bus tracking, school security system, digital attendance Google Play: https://play.google.com/store/apps/details?id=com.eschool.safety App Store: https://apps.apple.com/us/app/eschool-safety/id1239307419 Web Version: https://www.myeschoolhome.com/account/login.html?lang=en&target=%2F
 Section: Overview
 URL: https://web.myeschoolhome.com/products/safety . 

 Text: Overview: Contact Us | Get in Touch with eSchool Team. Have questions or need support? Reach out to the eSchool team for product inquiries, partnerships, or customer service assistance. We're here to help. eschool contact, get in touch, school software support, edtech contact, education solutions inquiry, eschool Lebanon.
 Section: Overview
 URL: https://web.myeschoolhome.com/contact . 

 Text: Overview: Insights & Articles | Education Technology Blog by eSchool. Read expert insights, guides, and thought leadership articles on digital education, school management, and the future of learning from the eSchool team. eschool blog, education articles, school management tips, edtech blog, digital learning, school leadership, modern education.
 Section: Overview
 URL: https://web.myeschoolhome.com/blog . 

 Text: Get in Touch | Email: info@eschooledu.com
Get in Touch | Location Addresss: Hamra - Sanayeh, Beirut, Lebanon, BAC Center building, Third floor
Get in Touch | Facebook: https://www.facebook.com/eschooledu/#
Get in Touch | Instagram: https://www.instagram.com/eschool.leb/?igshid=OGQ2MjdiOTE%3D
Get in Touch | LinkedIn: https://www.linkedin.com/company/eschool-edu/
Get in Touch | Send Us a Message: Fill the form on website, fill you First Name, Last Name, Email, Phone, and Message
 Section: Get in Touch
 URL: https://web.myeschoolhome.com/contact . 

 Text: Description: eSchool Portal | Modern School Information Management System. eSchool the preferred choice for educational institutions worldwide. eSchool Portal is a comprehensive, AI-powered school management system offering integrated solutions for student enrollment, attendance, grades, communication, and online learning. Empower your educational institution with our user-friendly platform. Keywords: eSchool Portal, school management system, student information system, AI-powered education, online learning platform, school ERP, digital classrooms, education technology, school administration software, eSchool Lebanon.
 Section: Description
 URL: https://web.myeschoolhome.com/ . 

 Text: What Our Clients Say: eSchool is a versatile platform that was able to adopt and transform the learning process from the in class teaching to online teaching in a smooth and effective manner. The platform is comprehensive and covers all aspects of the learning process. Its ability to be a platform where the school can offer online classes , agenda, e-library, online assessment and many other features makes it a must have for today’s education needs. Written by: Dr. Jimmy Choufani, School Principal
 Section: What Our Clients Say
 URL: https://web.myeschoolhome.com/ . 

 Text: eSchool Connect: Grades, objectives, behavior, and everything that contributes to creating a complete student's portfolio: The school app's comprehensive student file goes beyond mere academic grades, encompassing a wide range of essential information such as goals, behavioral records, and other pertinent details. This feature establishes a holistic and centralized approach to student development and assessment. By consolidating diverse aspects of a student's educational journey in one place, the app provides educators and administrators with a comprehensive view of each student's progress, strengths, and areas for improvement. This centralized student file not only aids in academic evaluation but also facilitates a more informed and personalized approach to support each student's growth. Educators can track individual goals, monitor behavioral patterns, and collaborate effectively to ensure a well-rounded educational experience. This holistic perspective enhances the overall understanding of students' needs, contributing to a more tailored and effective educational environment.
 Section: Grades, objectives, behavior, and everything that contributes to creating a complete student's portfolio
 URL: https://web.myeschoolhome.com/products/connect . 
----------------------------------------
time=2026-01-08 10:32:20
ip=127.0.0.1
user_query=what products does eschool offer?
stage=decision making
response={
  "category": "related",
  "answer": "",
  "confidence": 0.95
}
embedding_model=nomic
retrieved_chunks=
----------------------------------------
time=2026-01-08 10:32:24
ip=127.0.0.1
user_query=what products does eschool offer?
stage=answer generation
response={
  "answer": "eSchool offers a range of products including a comprehensive School Management Solution, Digital Learning Resources, a Live Online Classes platform (eSchool Room), a Smart School Scheduling tool (eSchool Agenda), an Exam Management System (eSchool Exams), a Parent-Teacher Communication Platform (eSchool Connect), an Online Gradebook System (eSchool Gradebook), a School Administration Platform (eSchool Administrator), and a School Safety & Attendance Monitoring application (eSchool Safety).",
  "confidence": 1.0
}
embedding_model=nomic
retrieved_chunks= Text: Overview: This is a Our Products | Comprehensive School Management Solutions – eSchool. Explore eSchool's suite of digital products designed to streamline education operations—ranging from attendance tracking and grade reporting to financial and communication tools for modern schools.Keywords: eschool products, school software, education technology, attendance system, gradebook software, school financial tools, online school platform, school digital transformation
 Section: Overview
 URL: https://web.myeschoolhome.com/products . 

 Text: eSchool Content Overview: This is a Digital Learning Resources | Upload & Share Educational Content – eSchool. Digital Learning Resources. Rich digital content library and learning resources platform that delivers educational materials—articles, videos, interactive content—to support student learning. Distribute educational materials and digital content through eSchool. Empower teachers and students with access to files, lectures, and multimedia resources.Keywords: eschool content, digital education materials, learning resources, e-learning platform, school content sharing, online lectures Google Play: https://play.google.com/store/apps/details?id=eschool.apps.eschoolshelves App Store: https://apps.apple.com/us/app/eschool-content/id1296241492 Web Version: https://www.myeschoolhome.com/account/login.html?lang=en&target=%2F
 Section: Overview
 URL: https://web.myeschoolhome.com/products/content . 

 Text: eSchool Room Overview: This is a Live Online Classes | Virtual Learning Platform – eSchool. Virtual Classroom Platform. It provides a robust platform that engages students with interactive content, and effective educational experience through virtual classroom features. Deliver interactive virtual classes with eSchool Live. Host real-time lessons, share presentations, and engage students in a secure online classroom.Keywords: eschool live class, virtual classroom, online teaching, real-time school classes, digital lessons, remote learning platform Google Play: https://play.google.com/store/apps/details?id=com.eschool.liveclass App Store: https://apps.apple.com/us/app/eschool-rooms/id1585677892 Web Version: https://www.myeschoolhome.com/account/login.html?lang=en&target=%2F
 Section: Overview
 URL: https://web.myeschoolhome.com/products/room . 

 Text: eSchool Agenda Overview: This is a Smart School Scheduling | eSchool Agenda. A Paperless Agenda. Organize assignments, deadlines, and live classes all in one eco-friendly planner. Manage school events, classes, and deadlines efficiently with eSchool Agenda.Keywords: eschool agenda, school calendar, event management, scheduling, deadline tracking Google Play: https://play.google.com/store/apps/details?id=com.eschool.agenda App Store: https://apps.apple.com/us/app/eschool-agenda/id1434284896 Web Version: https://www.myeschoolhome.com/account/login.html?lang=en&target=%2F
 Section: Overview
 URL: https://web.myeschoolhome.com/products/agenda . 

 Text: eSchool Exams Overview: This is a Exam Management System | Schedule & Track School Exams – eSchool. Digital Examination System. Digital examination system with automated grading and comprehensive exam management features. Organize exams efficiently with eSchool. Plan exam schedules, publish results, and provide students with seamless access to performance feedback.Keywords: eschool exams, exam scheduling, school assessments, student results, online exam platform, exam results management Google Play:  App Store:  Web Version: https://www.myeschoolhome.com/account/login.html?lang=en&target=%2F#/!/home
 Section: Overview
 URL: https://web.myeschoolhome.com/products/exams . 

 Text: Overview: Contact Us | Get in Touch with eSchool Team. Have questions or need support? Reach out to the eSchool team for product inquiries, partnerships, or customer service assistance. We're here to help. eschool contact, get in touch, school software support, edtech contact, education solutions inquiry, eschool Lebanon.
 Section: Overview
 URL: https://web.myeschoolhome.com/contact . 

 Text: eSchool Connect Overview: This is a Parent-Teacher Online Communication Platform | eSchool Connect. School Communication. A secure communication platform uniting teachers, parents, and students. Integrated within eSchool LMS and mobile app, it supports smooth, safe communication across your school community. Enhance online communication between parents, students, and teachers with eSchool Connect. Stay updated with messages, announcements, and school updates in real-time.Keywords: eschool connect, parent-teacher communication, school notifications, online school messaging, real-time updates, school announcements Google Play: https://play.google.com/store/apps/details?id=xdk.intel.cordova.eSchoolApp App Store: https://apps.apple.com/us/app/eschool-connect/id1056313709 Web Version: https://www.myeschoolhome.com/account/login.html?lang=en&target=%2F
 Section: Overview
 URL: https://web.myeschoolhome.com/products/connect . 

 Text: eSchool Gradebook Overview: This is a Online Gradebook System | Real-Time Student Grades – eSchool. Grades Made Smarter. The eSchool Gradebook is an all-in-one digital tool that allows teachers to record, manage, and share student grades in real time. It simplifies grading, supports transparent academic communication, and helps schools maintain accurate performance records effortlessly. Track and manage student performance with eSchool’s Gradebook. Access real-time grades, averages, and assessment reports for transparent academic tracking.Keywords: eschool gradebook, student grades online, digital report card, academic performance tracking, online assessment, school grading system Google Play: https://play.google.com/store/apps/details?id=com.eschool.gradebook App Store: https://apps.apple.com/us/app/eschool-gradebook/id1322901106 Web Version: https://www.myeschoolhome.com/account/login.html?lang=en&target=%2F
 Section: Overview
 URL: https://web.myeschoolhome.com/products/gradebook . 

 Text: Overview: Insights & Articles | Education Technology Blog by eSchool. Read expert insights, guides, and thought leadership articles on digital education, school management, and the future of learning from the eSchool team. eschool blog, education articles, school management tips, edtech blog, digital learning, school leadership, modern education.
 Section: Overview
 URL: https://web.myeschoolhome.com/blog . 

 Text: eSchool Administrator Overview: This is a School Administration Platform | eSchool Administrator. Complete School Management. It centralizes administrative tasks, financial tracking, and educational content, fostering a cohesive and organized environment for effective school management. Centralize administrative tasks, financial tracking, and content management with eSchool Administrator.Keywords: eschool administrator, school management, financial tracking, content management Google Play:  App Store:  Web Version:
 Section: Overview
 URL: https://web.myeschoolhome.com/products/administrator . 

 Text: eSchool Safety Overview: This is a School Safety & Attendance Monitoring | Secure Student Check-ins – eSchool. Always Know They’re Safe. eSchool Safety is a sophisticated mobile application designed for parents to seamlessly track their children's school bus in real-time, providing invaluable peace of mind. Ensure student safety with real-time attendance tracking, secure bus monitoring, and digital check-in systems via the eSchool platform.Keywords: eschool safety, student check-in, school attendance monitoring, student bus tracking, school security system, digital attendance Google Play: https://play.google.com/store/apps/details?id=com.eschool.safety App Store: https://apps.apple.com/us/app/eschool-safety/id1239307419 Web Version: https://www.myeschoolhome.com/account/login.html?lang=en&target=%2F
 Section: Overview
 URL: https://web.myeschoolhome.com/products/safety . 

 Text: eSchool Connect: Resources, Ebook, Shelves and Shared folder: It provides students with a user-friendly interface, allowing them to effortlessly explore an extensive library that encompasses both traditional and digital book resources. This seamless navigation enhances the overall academic experience, as students can easily access a diverse range of materials tailored to their educational needs. Whether opting for conventional textbooks or embracing the convenience of e-books, the app creates a dynamic environment for enriched academic exploration, promoting self-directed learning and catering to various learning preferences.
 Section: Resources, Ebook, Shelves and Shared folder
 URL: https://web.myeschoolhome.com/products/connect . 

 Text: eSchool Connect: Messages, Discussions and Rooms: This feature provides students with a powerful platform that facilitates vibrant communication and discussions, fostering engaging dialogues and collaborative learning opportunities within the school setting. It enhances the educational experience by encouraging interactive exchanges and shared knowledge among students. It includes Rooms section which allows participants to have live meetings, Messages section which insurers efficient communication among students, parents, teachers and administration. Last there is the Discussions section of which teachers can discuss various issues through scheduled chatting live with students.
 Section: Messages, Discussions and Rooms
 URL: https://web.myeschoolhome.com/products/connect . 

 Text: Product eSchool Room: It provides a robust platform that engages students with interactive content, and effective educational experience.. Features: Interactive Content. Student Engagement. Educational Experience
 Section: eSchool Room
 URL: https://web.myeschoolhome.com/products/room . 

 Text: Description: eSchool Portal | Modern School Information Management System. eSchool the preferred choice for educational institutions worldwide. eSchool Portal is a comprehensive, AI-powered school management system offering integrated solutions for student enrollment, attendance, grades, communication, and online learning. Empower your educational institution with our user-friendly platform. Keywords: eSchool Portal, school management system, student information system, AI-powered education, online learning platform, school ERP, digital classrooms, education technology, school administration software, eSchool Lebanon.
 Section: Description
 URL: https://web.myeschoolhome.com/ . 
----------------------------------------
time=2026-01-08 10:33:18
ip=127.0.0.1
user_query=who is the ceo?
stage=decision making
response={
  "category": "unrelated",
  "answer": "I'm sorry, I don't have access to company personnel information. I can only assist with questions about using the school management system and its features.",
  "confidence": 1.0
}
embedding_model=nomic
retrieved_chunks=
----------------------------------------
time=2026-01-08 10:33:39
ip=127.0.0.1
user_query=who is the ceo of eschool?
stage=decision making
response={
  "category": "unrelated",
  "answer": "I'm sorry, I don't have access to company personnel information. I can only assist with questions about using the school management system and its features.",
  "confidence": 1.0
}
embedding_model=nomic
retrieved_chunks=
----------------------------------------
time=2026-01-08 10:34:09
ip=127.0.0.1
user_query=who uses eschool?
stage=decision making
response={
  "category": "related",
  "answer": "",
  "confidence": 0.95
}
embedding_model=nomic
retrieved_chunks=
----------------------------------------
time=2026-01-08 10:34:13
ip=127.0.0.1
user_query=who uses eschool?
stage=answer generation
response={
  "answer": "eSchool is used by educational institutions worldwide, including students studying remotely, teachers for communication and follow-up, and parents for tracking student safety and school bus locations.",
  "confidence": 0.9
}
embedding_model=nomic
retrieved_chunks= Text: eSchool Room Overview: This is a Live Online Classes | Virtual Learning Platform – eSchool. Virtual Classroom Platform. It provides a robust platform that engages students with interactive content, and effective educational experience through virtual classroom features. Deliver interactive virtual classes with eSchool Live. Host real-time lessons, share presentations, and engage students in a secure online classroom.Keywords: eschool live class, virtual classroom, online teaching, real-time school classes, digital lessons, remote learning platform Google Play: https://play.google.com/store/apps/details?id=com.eschool.liveclass App Store: https://apps.apple.com/us/app/eschool-rooms/id1585677892 Web Version: https://www.myeschoolhome.com/account/login.html?lang=en&target=%2F
 Section: Overview
 URL: https://web.myeschoolhome.com/products/room . 

 Text: eSchool Content Overview: This is a Digital Learning Resources | Upload & Share Educational Content – eSchool. Digital Learning Resources. Rich digital content library and learning resources platform that delivers educational materials—articles, videos, interactive content—to support student learning. Distribute educational materials and digital content through eSchool. Empower teachers and students with access to files, lectures, and multimedia resources.Keywords: eschool content, digital education materials, learning resources, e-learning platform, school content sharing, online lectures Google Play: https://play.google.com/store/apps/details?id=eschool.apps.eschoolshelves App Store: https://apps.apple.com/us/app/eschool-content/id1296241492 Web Version: https://www.myeschoolhome.com/account/login.html?lang=en&target=%2F
 Section: Overview
 URL: https://web.myeschoolhome.com/products/content . 

 Text: Overview: This is a Our Products | Comprehensive School Management Solutions – eSchool. Explore eSchool's suite of digital products designed to streamline education operations—ranging from attendance tracking and grade reporting to financial and communication tools for modern schools.Keywords: eschool products, school software, education technology, attendance system, gradebook software, school financial tools, online school platform, school digital transformation
 Section: Overview
 URL: https://web.myeschoolhome.com/products . 

 Text: eSchool Gradebook Overview: This is a Online Gradebook System | Real-Time Student Grades – eSchool. Grades Made Smarter. The eSchool Gradebook is an all-in-one digital tool that allows teachers to record, manage, and share student grades in real time. It simplifies grading, supports transparent academic communication, and helps schools maintain accurate performance records effortlessly. Track and manage student performance with eSchool’s Gradebook. Access real-time grades, averages, and assessment reports for transparent academic tracking.Keywords: eschool gradebook, student grades online, digital report card, academic performance tracking, online assessment, school grading system Google Play: https://play.google.com/store/apps/details?id=com.eschool.gradebook App Store: https://apps.apple.com/us/app/eschool-gradebook/id1322901106 Web Version: https://www.myeschoolhome.com/account/login.html?lang=en&target=%2F
 Section: Overview
 URL: https://web.myeschoolhome.com/products/gradebook . 

 Text: Overview: Contact Us | Get in Touch with eSchool Team. Have questions or need support? Reach out to the eSchool team for product inquiries, partnerships, or customer service assistance. We're here to help. eschool contact, get in touch, school software support, edtech contact, education solutions inquiry, eschool Lebanon.
 Section: Overview
 URL: https://web.myeschoolhome.com/contact . 

 Text: eSchool Connect Overview: This is a Parent-Teacher Online Communication Platform | eSchool Connect. School Communication. A secure communication platform uniting teachers, parents, and students. Integrated within eSchool LMS and mobile app, it supports smooth, safe communication across your school community. Enhance online communication between parents, students, and teachers with eSchool Connect. Stay updated with messages, announcements, and school updates in real-time.Keywords: eschool connect, parent-teacher communication, school notifications, online school messaging, real-time updates, school announcements Google Play: https://play.google.com/store/apps/details?id=xdk.intel.cordova.eSchoolApp App Store: https://apps.apple.com/us/app/eschool-connect/id1056313709 Web Version: https://www.myeschoolhome.com/account/login.html?lang=en&target=%2F
 Section: Overview
 URL: https://web.myeschoolhome.com/products/connect . 

 Text: eSchool Exams Overview: This is a Exam Management System | Schedule & Track School Exams – eSchool. Digital Examination System. Digital examination system with automated grading and comprehensive exam management features. Organize exams efficiently with eSchool. Plan exam schedules, publish results, and provide students with seamless access to performance feedback.Keywords: eschool exams, exam scheduling, school assessments, student results, online exam platform, exam results management Google Play:  App Store:  Web Version: https://www.myeschoolhome.com/account/login.html?lang=en&target=%2F#/!/home
 Section: Overview
 URL: https://web.myeschoolhome.com/products/exams . 

 Text: eSchool Agenda Overview: This is a Smart School Scheduling | eSchool Agenda. A Paperless Agenda. Organize assignments, deadlines, and live classes all in one eco-friendly planner. Manage school events, classes, and deadlines efficiently with eSchool Agenda.Keywords: eschool agenda, school calendar, event management, scheduling, deadline tracking Google Play: https://play.google.com/store/apps/details?id=com.eschool.agenda App Store: https://apps.apple.com/us/app/eschool-agenda/id1434284896 Web Version: https://www.myeschoolhome.com/account/login.html?lang=en&target=%2F
 Section: Overview
 URL: https://web.myeschoolhome.com/products/agenda . 

 Text: eSchool Administrator Overview: This is a School Administration Platform | eSchool Administrator. Complete School Management. It centralizes administrative tasks, financial tracking, and educational content, fostering a cohesive and organized environment for effective school management. Centralize administrative tasks, financial tracking, and content management with eSchool Administrator.Keywords: eschool administrator, school management, financial tracking, content management Google Play:  App Store:  Web Version:
 Section: Overview
 URL: https://web.myeschoolhome.com/products/administrator . 

 Text: Overview: Insights & Articles | Education Technology Blog by eSchool. Read expert insights, guides, and thought leadership articles on digital education, school management, and the future of learning from the eSchool team. eschool blog, education articles, school management tips, edtech blog, digital learning, school leadership, modern education.
 Section: Overview
 URL: https://web.myeschoolhome.com/blog . 

 Text: eSchool Safety Overview: This is a School Safety & Attendance Monitoring | Secure Student Check-ins – eSchool. Always Know They’re Safe. eSchool Safety is a sophisticated mobile application designed for parents to seamlessly track their children's school bus in real-time, providing invaluable peace of mind. Ensure student safety with real-time attendance tracking, secure bus monitoring, and digital check-in systems via the eSchool platform.Keywords: eschool safety, student check-in, school attendance monitoring, student bus tracking, school security system, digital attendance Google Play: https://play.google.com/store/apps/details?id=com.eschool.safety App Store: https://apps.apple.com/us/app/eschool-safety/id1239307419 Web Version: https://www.myeschoolhome.com/account/login.html?lang=en&target=%2F
 Section: Overview
 URL: https://web.myeschoolhome.com/products/safety . 

 Text: Description: eSchool Portal | Modern School Information Management System. eSchool the preferred choice for educational institutions worldwide. eSchool Portal is a comprehensive, AI-powered school management system offering integrated solutions for student enrollment, attendance, grades, communication, and online learning. Empower your educational institution with our user-friendly platform. Keywords: eSchool Portal, school management system, student information system, AI-powered education, online learning platform, school ERP, digital classrooms, education technology, school administration software, eSchool Lebanon.
 Section: Description
 URL: https://web.myeschoolhome.com/ . 

 Text: eSchool Room: Give teachers the access to easily manage the room: Hosts decide who can enter, mute or remove participants, limit screen sharing, and lock rooms, ensuring every virtual class stays organized and disruption-free.
 Section: Give teachers the access to easily manage the room
 URL: https://web.myeschoolhome.com/products/room . 

 Text: eSchool Connect: Resources, Ebook, Shelves and Shared folder: It provides students with a user-friendly interface, allowing them to effortlessly explore an extensive library that encompasses both traditional and digital book resources. This seamless navigation enhances the overall academic experience, as students can easily access a diverse range of materials tailored to their educational needs. Whether opting for conventional textbooks or embracing the convenience of e-books, the app creates a dynamic environment for enriched academic exploration, promoting self-directed learning and catering to various learning preferences.
 Section: Resources, Ebook, Shelves and Shared folder
 URL: https://web.myeschoolhome.com/products/connect . 

 Text: eSchool is a greatly efficient and user friendly program that allows students to study remotely and enables teachers to continuously communicate and follow up with their students. Additionally, it is important to note the prompt response of the support service at eSchool that never fails to assist whenever any issue is raised. Written by: Dana Fayad Rafei, Financial manager
 Section: What Our Clients Say
 URL: https://web.myeschoolhome.com/ . 
----------------------------------------
time=2026-01-08 10:35:00
ip=127.0.0.1
user_query=how do parents benefit from eschool services?
stage=decision making
response={
  "category": "related",
  "answer": "",
  "confidence": 1.0
}
embedding_model=nomic
retrieved_chunks=
----------------------------------------
time=2026-01-08 10:35:06
ip=127.0.0.1
user_query=how do parents benefit from eschool services?
stage=answer generation
response={
  "answer": "Parents benefit from eSchool services primarily through the eSchool Connect platform, which allows them to stay informed about their child's educational journey. They can review academic performance metrics and attendance records, receive automatic notifications about behavioral observations, and access a comprehensive student profile. The platform also enables parents to participate in polls, provide feedback, comment on posts, and express appreciation, fostering engagement and a sense of community. Additionally, with eSchool Safety, parents can track their children's school bus in real-time for peace of mind.",
  "confidence": 1.0
}
embedding_model=nomic
retrieved_chunks= Text: eSchool Connect: Online Polls, Statistics, Evaluations: It offers parents a seamless experience by allowing effortless access to comprehensive statistical data and polls. This user-friendly platform empowers parents to stay well-informed about their child's educational journey. Through the app, they can efficiently review academic performance metrics, attendance records, and other relevant statistics. Additionally, the inclusion of polls facilitates parent engagement, enabling them to contribute feedback and opinions on various aspects of their child's schooling experience. This collaborative and accessible approach not only keeps parents informed but also actively involves them in supporting and enhancing their child's educational progress.
 Section: Online Polls, Statistics, Evaluations
 URL: https://web.myeschoolhome.com/products/connect . 

 Text: eSchool Connect Overview: This is a Parent-Teacher Online Communication Platform | eSchool Connect. School Communication. A secure communication platform uniting teachers, parents, and students. Integrated within eSchool LMS and mobile app, it supports smooth, safe communication across your school community. Enhance online communication between parents, students, and teachers with eSchool Connect. Stay updated with messages, announcements, and school updates in real-time.Keywords: eschool connect, parent-teacher communication, school notifications, online school messaging, real-time updates, school announcements Google Play: https://play.google.com/store/apps/details?id=xdk.intel.cordova.eSchoolApp App Store: https://apps.apple.com/us/app/eschool-connect/id1056313709 Web Version: https://www.myeschoolhome.com/account/login.html?lang=en&target=%2F
 Section: Overview
 URL: https://web.myeschoolhome.com/products/connect . 

 Text: eSchool Connect: Comments, Likes: Parents are given the opportunity to actively participate in the school community through the app's features, allowing them to comment on and express appreciation for various posts. By enabling interactions such as commenting and liking, the app not only facilitates communication but also cultivates a sense of community within the parental network. This engagement not only strengthens the connection between parents and educators but also creates a collaborative atmosphere where shared insights, questions, and positive feedback contribute to a more vibrant and supportive school environment.
 Section: Comments, Likes
 URL: https://web.myeschoolhome.com/products/connect . 

 Text: Overview: Contact Us | Get in Touch with eSchool Team. Have questions or need support? Reach out to the eSchool team for product inquiries, partnerships, or customer service assistance. We're here to help. eschool contact, get in touch, school software support, edtech contact, education solutions inquiry, eschool Lebanon.
 Section: Overview
 URL: https://web.myeschoolhome.com/contact . 

 Text: eSchool Room Overview: This is a Live Online Classes | Virtual Learning Platform – eSchool. Virtual Classroom Platform. It provides a robust platform that engages students with interactive content, and effective educational experience through virtual classroom features. Deliver interactive virtual classes with eSchool Live. Host real-time lessons, share presentations, and engage students in a secure online classroom.Keywords: eschool live class, virtual classroom, online teaching, real-time school classes, digital lessons, remote learning platform Google Play: https://play.google.com/store/apps/details?id=com.eschool.liveclass App Store: https://apps.apple.com/us/app/eschool-rooms/id1585677892 Web Version: https://www.myeschoolhome.com/account/login.html?lang=en&target=%2F
 Section: Overview
 URL: https://web.myeschoolhome.com/products/room . 

 Text: eSchool Content Overview: This is a Digital Learning Resources | Upload & Share Educational Content – eSchool. Digital Learning Resources. Rich digital content library and learning resources platform that delivers educational materials—articles, videos, interactive content—to support student learning. Distribute educational materials and digital content through eSchool. Empower teachers and students with access to files, lectures, and multimedia resources.Keywords: eschool content, digital education materials, learning resources, e-learning platform, school content sharing, online lectures Google Play: https://play.google.com/store/apps/details?id=eschool.apps.eschoolshelves App Store: https://apps.apple.com/us/app/eschool-content/id1296241492 Web Version: https://www.myeschoolhome.com/account/login.html?lang=en&target=%2F
 Section: Overview
 URL: https://web.myeschoolhome.com/products/content . 

 Text: Overview: This is a Our Products | Comprehensive School Management Solutions – eSchool. Explore eSchool's suite of digital products designed to streamline education operations—ranging from attendance tracking and grade reporting to financial and communication tools for modern schools.Keywords: eschool products, school software, education technology, attendance system, gradebook software, school financial tools, online school platform, school digital transformation
 Section: Overview
 URL: https://web.myeschoolhome.com/products . 

 Text: eSchool Connect: Posts: Tool that simplifies the exchange of posts between teachers and parents, creating a streamlined platform that enhances the distribution of pertinent information. This fosters efficient communication within the school community, promoting collaboration and engagement between educators and parents for the benefit of the students.
 Section: Posts
 URL: https://web.myeschoolhome.com/products/connect . 

 Text: eSchool Safety Overview: This is a School Safety & Attendance Monitoring | Secure Student Check-ins – eSchool. Always Know They’re Safe. eSchool Safety is a sophisticated mobile application designed for parents to seamlessly track their children's school bus in real-time, providing invaluable peace of mind. Ensure student safety with real-time attendance tracking, secure bus monitoring, and digital check-in systems via the eSchool platform.Keywords: eschool safety, student check-in, school attendance monitoring, student bus tracking, school security system, digital attendance Google Play: https://play.google.com/store/apps/details?id=com.eschool.safety App Store: https://apps.apple.com/us/app/eschool-safety/id1239307419 Web Version: https://www.myeschoolhome.com/account/login.html?lang=en&target=%2F
 Section: Overview
 URL: https://web.myeschoolhome.com/products/safety . 

 Text: eSchool Administrator Overview: This is a School Administration Platform | eSchool Administrator. Complete School Management. It centralizes administrative tasks, financial tracking, and educational content, fostering a cohesive and organized environment for effective school management. Centralize administrative tasks, financial tracking, and content management with eSchool Administrator.Keywords: eschool administrator, school management, financial tracking, content management Google Play:  App Store:  Web Version:
 Section: Overview
 URL: https://web.myeschoolhome.com/products/administrator . 

 Text: eSchool Exams Overview: This is a Exam Management System | Schedule & Track School Exams – eSchool. Digital Examination System. Digital examination system with automated grading and comprehensive exam management features. Organize exams efficiently with eSchool. Plan exam schedules, publish results, and provide students with seamless access to performance feedback.Keywords: eschool exams, exam scheduling, school assessments, student results, online exam platform, exam results management Google Play:  App Store:  Web Version: https://www.myeschoolhome.com/account/login.html?lang=en&target=%2F#/!/home
 Section: Overview
 URL: https://web.myeschoolhome.com/products/exams . 

 Text: Product eSchool Connect: Seamless communication between parents, teachers, and students. Features: Parent Portal. Teacher Chat. Student Community
 Section: eSchool Connect
 URL: https://web.myeschoolhome.com/products/connect . 

 Text: eSchool Gradebook Overview: This is a Online Gradebook System | Real-Time Student Grades – eSchool. Grades Made Smarter. The eSchool Gradebook is an all-in-one digital tool that allows teachers to record, manage, and share student grades in real time. It simplifies grading, supports transparent academic communication, and helps schools maintain accurate performance records effortlessly. Track and manage student performance with eSchool’s Gradebook. Access real-time grades, averages, and assessment reports for transparent academic tracking.Keywords: eschool gradebook, student grades online, digital report card, academic performance tracking, online assessment, school grading system Google Play: https://play.google.com/store/apps/details?id=com.eschool.gradebook App Store: https://apps.apple.com/us/app/eschool-gradebook/id1322901106 Web Version: https://www.myeschoolhome.com/account/login.html?lang=en&target=%2F
 Section: Overview
 URL: https://web.myeschoolhome.com/products/gradebook . 

 Text: eSchool Administrator Learning File: It facilitates the establishment of a structured framework for documenting both positive and negative behavioral incidents concerning students, aligning each observation with appropriate actions. Upon entry of any behavioral observation for a student, automatic notifications are dispatched to parents via the eSchool connect application. It boasts a comprehensive student profile section, encapsulating all essential information about each student. From academic records to extracurricular activities, attendance, and contact details, parents gain a holistic view of their child's educational journey, fostering informed involvement and support. It assesses prospective students seeking admission, storing all exam information and providing analytical reports to school administrators for informed decision-making.
 Section: Learning File
 URL: https://web.myeschoolhome.com/products/administrator . 

 Text: eSchool Agenda Overview: This is a Smart School Scheduling | eSchool Agenda. A Paperless Agenda. Organize assignments, deadlines, and live classes all in one eco-friendly planner. Manage school events, classes, and deadlines efficiently with eSchool Agenda.Keywords: eschool agenda, school calendar, event management, scheduling, deadline tracking Google Play: https://play.google.com/store/apps/details?id=com.eschool.agenda App Store: https://apps.apple.com/us/app/eschool-agenda/id1434284896 Web Version: https://www.myeschoolhome.com/account/login.html?lang=en&target=%2F
 Section: Overview
 URL: https://web.myeschoolhome.com/products/agenda . 
----------------------------------------
time=2026-01-08 10:35:59
ip=127.0.0.1
user_query=hello
stage=decision making
response={
  "category": "unrelated",
  "answer": "Hello! How can I assist you with the school management system today?",
  "confidence": 1.0
}
embedding_model=nomic
retrieved_chunks=
----------------------------------------
time=2026-01-08 10:36:36
ip=127.0.0.1
user_query=what is eschool?
stage=decision making
response={
  "category": "related",
  "answer": "",
  "confidence": 1.0
}
embedding_model=nomic
retrieved_chunks=
----------------------------------------
time=2026-01-08 10:36:41
ip=127.0.0.1
user_query=what is eschool?
stage=answer generation
response={
  "answer": "eSchool is a comprehensive, AI-powered school management system offering integrated solutions for student enrollment, attendance, grades, communication, and online learning. It provides a suite of digital products including virtual classrooms (eSchool Room), digital content management (eSchool Content), gradebook management (eSchool Gradebook), exam management (eSchool Exams), administrative tools (eSchool Administrator), communication platform (eSchool Connect), scheduling (eSchool Agenda), and safety monitoring (eSchool Safety).",
  "confidence": 1.0
}
embedding_model=nomic
retrieved_chunks= Text: eSchool Room Overview: This is a Live Online Classes | Virtual Learning Platform – eSchool. Virtual Classroom Platform. It provides a robust platform that engages students with interactive content, and effective educational experience through virtual classroom features. Deliver interactive virtual classes with eSchool Live. Host real-time lessons, share presentations, and engage students in a secure online classroom.Keywords: eschool live class, virtual classroom, online teaching, real-time school classes, digital lessons, remote learning platform Google Play: https://play.google.com/store/apps/details?id=com.eschool.liveclass App Store: https://apps.apple.com/us/app/eschool-rooms/id1585677892 Web Version: https://www.myeschoolhome.com/account/login.html?lang=en&target=%2F
 Section: Overview
 URL: https://web.myeschoolhome.com/products/room . 

 Text: eSchool Content Overview: This is a Digital Learning Resources | Upload & Share Educational Content – eSchool. Digital Learning Resources. Rich digital content library and learning resources platform that delivers educational materials—articles, videos, interactive content—to support student learning. Distribute educational materials and digital content through eSchool. Empower teachers and students with access to files, lectures, and multimedia resources.Keywords: eschool content, digital education materials, learning resources, e-learning platform, school content sharing, online lectures Google Play: https://play.google.com/store/apps/details?id=eschool.apps.eschoolshelves App Store: https://apps.apple.com/us/app/eschool-content/id1296241492 Web Version: https://www.myeschoolhome.com/account/login.html?lang=en&target=%2F
 Section: Overview
 URL: https://web.myeschoolhome.com/products/content . 

 Text: Overview: This is a Our Products | Comprehensive School Management Solutions – eSchool. Explore eSchool's suite of digital products designed to streamline education operations—ranging from attendance tracking and grade reporting to financial and communication tools for modern schools.Keywords: eschool products, school software, education technology, attendance system, gradebook software, school financial tools, online school platform, school digital transformation
 Section: Overview
 URL: https://web.myeschoolhome.com/products . 

 Text: eSchool Gradebook Overview: This is a Online Gradebook System | Real-Time Student Grades – eSchool. Grades Made Smarter. The eSchool Gradebook is an all-in-one digital tool that allows teachers to record, manage, and share student grades in real time. It simplifies grading, supports transparent academic communication, and helps schools maintain accurate performance records effortlessly. Track and manage student performance with eSchool’s Gradebook. Access real-time grades, averages, and assessment reports for transparent academic tracking.Keywords: eschool gradebook, student grades online, digital report card, academic performance tracking, online assessment, school grading system Google Play: https://play.google.com/store/apps/details?id=com.eschool.gradebook App Store: https://apps.apple.com/us/app/eschool-gradebook/id1322901106 Web Version: https://www.myeschoolhome.com/account/login.html?lang=en&target=%2F
 Section: Overview
 URL: https://web.myeschoolhome.com/products/gradebook . 

 Text: eSchool Exams Overview: This is a Exam Management System | Schedule & Track School Exams – eSchool. Digital Examination System. Digital examination system with automated grading and comprehensive exam management features. Organize exams efficiently with eSchool. Plan exam schedules, publish results, and provide students with seamless access to performance feedback.Keywords: eschool exams, exam scheduling, school assessments, student results, online exam platform, exam results management Google Play:  App Store:  Web Version: https://www.myeschoolhome.com/account/login.html?lang=en&target=%2F#/!/home
 Section: Overview
 URL: https://web.myeschoolhome.com/products/exams . 

 Text: eSchool Administrator Overview: This is a School Administration Platform | eSchool Administrator. Complete School Management. It centralizes administrative tasks, financial tracking, and educational content, fostering a cohesive and organized environment for effective school management. Centralize administrative tasks, financial tracking, and content management with eSchool Administrator.Keywords: eschool administrator, school management, financial tracking, content management Google Play:  App Store:  Web Version:
 Section: Overview
 URL: https://web.myeschoolhome.com/products/administrator . 

 Text: eSchool Connect Overview: This is a Parent-Teacher Online Communication Platform | eSchool Connect. School Communication. A secure communication platform uniting teachers, parents, and students. Integrated within eSchool LMS and mobile app, it supports smooth, safe communication across your school community. Enhance online communication between parents, students, and teachers with eSchool Connect. Stay updated with messages, announcements, and school updates in real-time.Keywords: eschool connect, parent-teacher communication, school notifications, online school messaging, real-time updates, school announcements Google Play: https://play.google.com/store/apps/details?id=xdk.intel.cordova.eSchoolApp App Store: https://apps.apple.com/us/app/eschool-connect/id1056313709 Web Version: https://www.myeschoolhome.com/account/login.html?lang=en&target=%2F
 Section: Overview
 URL: https://web.myeschoolhome.com/products/connect . 

 Text: eSchool Agenda Overview: This is a Smart School Scheduling | eSchool Agenda. A Paperless Agenda. Organize assignments, deadlines, and live classes all in one eco-friendly planner. Manage school events, classes, and deadlines efficiently with eSchool Agenda.Keywords: eschool agenda, school calendar, event management, scheduling, deadline tracking Google Play: https://play.google.com/store/apps/details?id=com.eschool.agenda App Store: https://apps.apple.com/us/app/eschool-agenda/id1434284896 Web Version: https://www.myeschoolhome.com/account/login.html?lang=en&target=%2F
 Section: Overview
 URL: https://web.myeschoolhome.com/products/agenda . 

 Text: eSchool Safety Overview: This is a School Safety & Attendance Monitoring | Secure Student Check-ins – eSchool. Always Know They’re Safe. eSchool Safety is a sophisticated mobile application designed for parents to seamlessly track their children's school bus in real-time, providing invaluable peace of mind. Ensure student safety with real-time attendance tracking, secure bus monitoring, and digital check-in systems via the eSchool platform.Keywords: eschool safety, student check-in, school attendance monitoring, student bus tracking, school security system, digital attendance Google Play: https://play.google.com/store/apps/details?id=com.eschool.safety App Store: https://apps.apple.com/us/app/eschool-safety/id1239307419 Web Version: https://www.myeschoolhome.com/account/login.html?lang=en&target=%2F
 Section: Overview
 URL: https://web.myeschoolhome.com/products/safety . 

 Text: Overview: Contact Us | Get in Touch with eSchool Team. Have questions or need support? Reach out to the eSchool team for product inquiries, partnerships, or customer service assistance. We're here to help. eschool contact, get in touch, school software support, edtech contact, education solutions inquiry, eschool Lebanon.
 Section: Overview
 URL: https://web.myeschoolhome.com/contact . 

 Text: Overview: Insights & Articles | Education Technology Blog by eSchool. Read expert insights, guides, and thought leadership articles on digital education, school management, and the future of learning from the eSchool team. eschool blog, education articles, school management tips, edtech blog, digital learning, school leadership, modern education.
 Section: Overview
 URL: https://web.myeschoolhome.com/blog . 

 Text: Get in Touch | Email: info@eschooledu.com
Get in Touch | Location Addresss: Hamra - Sanayeh, Beirut, Lebanon, BAC Center building, Third floor
Get in Touch | Facebook: https://www.facebook.com/eschooledu/#
Get in Touch | Instagram: https://www.instagram.com/eschool.leb/?igshid=OGQ2MjdiOTE%3D
Get in Touch | LinkedIn: https://www.linkedin.com/company/eschool-edu/
Get in Touch | Send Us a Message: Fill the form on website, fill you First Name, Last Name, Email, Phone, and Message
 Section: Get in Touch
 URL: https://web.myeschoolhome.com/contact . 

 Text: Description: eSchool Portal | Modern School Information Management System. eSchool the preferred choice for educational institutions worldwide. eSchool Portal is a comprehensive, AI-powered school management system offering integrated solutions for student enrollment, attendance, grades, communication, and online learning. Empower your educational institution with our user-friendly platform. Keywords: eSchool Portal, school management system, student information system, AI-powered education, online learning platform, school ERP, digital classrooms, education technology, school administration software, eSchool Lebanon.
 Section: Description
 URL: https://web.myeschoolhome.com/ . 

 Text: What Our Clients Say: eSchool is a versatile platform that was able to adopt and transform the learning process from the in class teaching to online teaching in a smooth and effective manner. The platform is comprehensive and covers all aspects of the learning process. Its ability to be a platform where the school can offer online classes , agenda, e-library, online assessment and many other features makes it a must have for today’s education needs. Written by: Dr. Jimmy Choufani, School Principal
 Section: What Our Clients Say
 URL: https://web.myeschoolhome.com/ . 

 Text: eSchool Connect: Grades, objectives, behavior, and everything that contributes to creating a complete student's portfolio: The school app's comprehensive student file goes beyond mere academic grades, encompassing a wide range of essential information such as goals, behavioral records, and other pertinent details. This feature establishes a holistic and centralized approach to student development and assessment. By consolidating diverse aspects of a student's educational journey in one place, the app provides educators and administrators with a comprehensive view of each student's progress, strengths, and areas for improvement. This centralized student file not only aids in academic evaluation but also facilitates a more informed and personalized approach to support each student's growth. Educators can track individual goals, monitor behavioral patterns, and collaborate effectively to ensure a well-rounded educational experience. This holistic perspective enhances the overall understanding of students' needs, contributing to a more tailored and effective educational environment.
 Section: Grades, objectives, behavior, and everything that contributes to creating a complete student's portfolio
 URL: https://web.myeschoolhome.com/products/connect . 
----------------------------------------
time=2026-01-08 10:37:04
ip=127.0.0.1
user_query=what products does eschool offer?
stage=decision making
response={
  "category": "related",
  "answer": "",
  "confidence": 1.0
}
embedding_model=nomic
retrieved_chunks=
----------------------------------------
time=2026-01-08 10:37:08
ip=127.0.0.1
user_query=what products does eschool offer?
stage=answer generation
response={
  "answer": "eSchool offers a comprehensive suite of digital products for school management. These include: eSchool Room for virtual classrooms, eSchool Content for digital learning resources, eSchool Gradebook for grading, eSchool Exams for exam management, eSchool Administrator for administrative tasks, eSchool Connect for communication, eSchool Agenda for scheduling, and eSchool Safety for attendance monitoring and student security.",
  "confidence": 1.0
}
embedding_model=nomic
retrieved_chunks= Text: Overview: This is a Our Products | Comprehensive School Management Solutions – eSchool. Explore eSchool's suite of digital products designed to streamline education operations—ranging from attendance tracking and grade reporting to financial and communication tools for modern schools.Keywords: eschool products, school software, education technology, attendance system, gradebook software, school financial tools, online school platform, school digital transformation
 Section: Overview
 URL: https://web.myeschoolhome.com/products . 

 Text: eSchool Content Overview: This is a Digital Learning Resources | Upload & Share Educational Content – eSchool. Digital Learning Resources. Rich digital content library and learning resources platform that delivers educational materials—articles, videos, interactive content—to support student learning. Distribute educational materials and digital content through eSchool. Empower teachers and students with access to files, lectures, and multimedia resources.Keywords: eschool content, digital education materials, learning resources, e-learning platform, school content sharing, online lectures Google Play: https://play.google.com/store/apps/details?id=eschool.apps.eschoolshelves App Store: https://apps.apple.com/us/app/eschool-content/id1296241492 Web Version: https://www.myeschoolhome.com/account/login.html?lang=en&target=%2F
 Section: Overview
 URL: https://web.myeschoolhome.com/products/content . 

 Text: eSchool Room Overview: This is a Live Online Classes | Virtual Learning Platform – eSchool. Virtual Classroom Platform. It provides a robust platform that engages students with interactive content, and effective educational experience through virtual classroom features. Deliver interactive virtual classes with eSchool Live. Host real-time lessons, share presentations, and engage students in a secure online classroom.Keywords: eschool live class, virtual classroom, online teaching, real-time school classes, digital lessons, remote learning platform Google Play: https://play.google.com/store/apps/details?id=com.eschool.liveclass App Store: https://apps.apple.com/us/app/eschool-rooms/id1585677892 Web Version: https://www.myeschoolhome.com/account/login.html?lang=en&target=%2F
 Section: Overview
 URL: https://web.myeschoolhome.com/products/room . 

 Text: eSchool Agenda Overview: This is a Smart School Scheduling | eSchool Agenda. A Paperless Agenda. Organize assignments, deadlines, and live classes all in one eco-friendly planner. Manage school events, classes, and deadlines efficiently with eSchool Agenda.Keywords: eschool agenda, school calendar, event management, scheduling, deadline tracking Google Play: https://play.google.com/store/apps/details?id=com.eschool.agenda App Store: https://apps.apple.com/us/app/eschool-agenda/id1434284896 Web Version: https://www.myeschoolhome.com/account/login.html?lang=en&target=%2F
 Section: Overview
 URL: https://web.myeschoolhome.com/products/agenda . 

 Text: eSchool Exams Overview: This is a Exam Management System | Schedule & Track School Exams – eSchool. Digital Examination System. Digital examination system with automated grading and comprehensive exam management features. Organize exams efficiently with eSchool. Plan exam schedules, publish results, and provide students with seamless access to performance feedback.Keywords: eschool exams, exam scheduling, school assessments, student results, online exam platform, exam results management Google Play:  App Store:  Web Version: https://www.myeschoolhome.com/account/login.html?lang=en&target=%2F#/!/home
 Section: Overview
 URL: https://web.myeschoolhome.com/products/exams . 

 Text: Overview: Contact Us | Get in Touch with eSchool Team. Have questions or need support? Reach out to the eSchool team for product inquiries, partnerships, or customer service assistance. We're here to help. eschool contact, get in touch, school software support, edtech contact, education solutions inquiry, eschool Lebanon.
 Section: Overview
 URL: https://web.myeschoolhome.com/contact . 

 Text: eSchool Connect Overview: This is a Parent-Teacher Online Communication Platform | eSchool Connect. School Communication. A secure communication platform uniting teachers, parents, and students. Integrated within eSchool LMS and mobile app, it supports smooth, safe communication across your school community. Enhance online communication between parents, students, and teachers with eSchool Connect. Stay updated with messages, announcements, and school updates in real-time.Keywords: eschool connect, parent-teacher communication, school notifications, online school messaging, real-time updates, school announcements Google Play: https://play.google.com/store/apps/details?id=xdk.intel.cordova.eSchoolApp App Store: https://apps.apple.com/us/app/eschool-connect/id1056313709 Web Version: https://www.myeschoolhome.com/account/login.html?lang=en&target=%2F
 Section: Overview
 URL: https://web.myeschoolhome.com/products/connect . 

 Text: eSchool Gradebook Overview: This is a Online Gradebook System | Real-Time Student Grades – eSchool. Grades Made Smarter. The eSchool Gradebook is an all-in-one digital tool that allows teachers to record, manage, and share student grades in real time. It simplifies grading, supports transparent academic communication, and helps schools maintain accurate performance records effortlessly. Track and manage student performance with eSchool’s Gradebook. Access real-time grades, averages, and assessment reports for transparent academic tracking.Keywords: eschool gradebook, student grades online, digital report card, academic performance tracking, online assessment, school grading system Google Play: https://play.google.com/store/apps/details?id=com.eschool.gradebook App Store: https://apps.apple.com/us/app/eschool-gradebook/id1322901106 Web Version: https://www.myeschoolhome.com/account/login.html?lang=en&target=%2F
 Section: Overview
 URL: https://web.myeschoolhome.com/products/gradebook . 

 Text: Overview: Insights & Articles | Education Technology Blog by eSchool. Read expert insights, guides, and thought leadership articles on digital education, school management, and the future of learning from the eSchool team. eschool blog, education articles, school management tips, edtech blog, digital learning, school leadership, modern education.
 Section: Overview
 URL: https://web.myeschoolhome.com/blog . 

 Text: eSchool Administrator Overview: This is a School Administration Platform | eSchool Administrator. Complete School Management. It centralizes administrative tasks, financial tracking, and educational content, fostering a cohesive and organized environment for effective school management. Centralize administrative tasks, financial tracking, and content management with eSchool Administrator.Keywords: eschool administrator, school management, financial tracking, content management Google Play:  App Store:  Web Version:
 Section: Overview
 URL: https://web.myeschoolhome.com/products/administrator . 

 Text: eSchool Safety Overview: This is a School Safety & Attendance Monitoring | Secure Student Check-ins – eSchool. Always Know They’re Safe. eSchool Safety is a sophisticated mobile application designed for parents to seamlessly track their children's school bus in real-time, providing invaluable peace of mind. Ensure student safety with real-time attendance tracking, secure bus monitoring, and digital check-in systems via the eSchool platform.Keywords: eschool safety, student check-in, school attendance monitoring, student bus tracking, school security system, digital attendance Google Play: https://play.google.com/store/apps/details?id=com.eschool.safety App Store: https://apps.apple.com/us/app/eschool-safety/id1239307419 Web Version: https://www.myeschoolhome.com/account/login.html?lang=en&target=%2F
 Section: Overview
 URL: https://web.myeschoolhome.com/products/safety . 

 Text: eSchool Connect: Resources, Ebook, Shelves and Shared folder: It provides students with a user-friendly interface, allowing them to effortlessly explore an extensive library that encompasses both traditional and digital book resources. This seamless navigation enhances the overall academic experience, as students can easily access a diverse range of materials tailored to their educational needs. Whether opting for conventional textbooks or embracing the convenience of e-books, the app creates a dynamic environment for enriched academic exploration, promoting self-directed learning and catering to various learning preferences.
 Section: Resources, Ebook, Shelves and Shared folder
 URL: https://web.myeschoolhome.com/products/connect . 

 Text: eSchool Connect: Messages, Discussions and Rooms: This feature provides students with a powerful platform that facilitates vibrant communication and discussions, fostering engaging dialogues and collaborative learning opportunities within the school setting. It enhances the educational experience by encouraging interactive exchanges and shared knowledge among students. It includes Rooms section which allows participants to have live meetings, Messages section which insurers efficient communication among students, parents, teachers and administration. Last there is the Discussions section of which teachers can discuss various issues through scheduled chatting live with students.
 Section: Messages, Discussions and Rooms
 URL: https://web.myeschoolhome.com/products/connect . 

 Text: Product eSchool Room: It provides a robust platform that engages students with interactive content, and effective educational experience.. Features: Interactive Content. Student Engagement. Educational Experience
 Section: eSchool Room
 URL: https://web.myeschoolhome.com/products/room . 

 Text: Description: eSchool Portal | Modern School Information Management System. eSchool the preferred choice for educational institutions worldwide. eSchool Portal is a comprehensive, AI-powered school management system offering integrated solutions for student enrollment, attendance, grades, communication, and online learning. Empower your educational institution with our user-friendly platform. Keywords: eSchool Portal, school management system, student information system, AI-powered education, online learning platform, school ERP, digital classrooms, education technology, school administration software, eSchool Lebanon.
 Section: Description
 URL: https://web.myeschoolhome.com/ . 
----------------------------------------
time=2026-01-08 10:37:45
ip=127.0.0.1
user_query=hello
stage=decision making
response={
  "category": "unrelated",
  "answer": "Hello! How can I assist you with the school management system today?",
  "confidence": 1.0
}
embedding_model=nomic
retrieved_chunks=
----------------------------------------
time=2026-01-08 10:37:53
ip=127.0.0.1
user_query=what is eschool?
stage=decision making
response={
  "category": "related",
  "answer": "",
  "confidence": 1.0
}
embedding_model=nomic
retrieved_chunks=
----------------------------------------
time=2026-01-08 10:37:56
ip=127.0.0.1
user_query=what is eschool?
stage=answer generation
response={
  "answer": "eSchool Portal is a comprehensive, AI-powered school management system offering integrated solutions for student enrollment, attendance, grades, communication, and online learning. It is a modern school information management system that provides a suite of digital products designed to streamline education operations.",
  "confidence": 1.0
}
embedding_model=nomic
retrieved_chunks= Text: eSchool Room Overview: This is a Live Online Classes | Virtual Learning Platform – eSchool. Virtual Classroom Platform. It provides a robust platform that engages students with interactive content, and effective educational experience through virtual classroom features. Deliver interactive virtual classes with eSchool Live. Host real-time lessons, share presentations, and engage students in a secure online classroom.Keywords: eschool live class, virtual classroom, online teaching, real-time school classes, digital lessons, remote learning platform Google Play: https://play.google.com/store/apps/details?id=com.eschool.liveclass App Store: https://apps.apple.com/us/app/eschool-rooms/id1585677892 Web Version: https://www.myeschoolhome.com/account/login.html?lang=en&target=%2F
 Section: Overview
 URL: https://web.myeschoolhome.com/products/room . 

 Text: eSchool Content Overview: This is a Digital Learning Resources | Upload & Share Educational Content – eSchool. Digital Learning Resources. Rich digital content library and learning resources platform that delivers educational materials—articles, videos, interactive content—to support student learning. Distribute educational materials and digital content through eSchool. Empower teachers and students with access to files, lectures, and multimedia resources.Keywords: eschool content, digital education materials, learning resources, e-learning platform, school content sharing, online lectures Google Play: https://play.google.com/store/apps/details?id=eschool.apps.eschoolshelves App Store: https://apps.apple.com/us/app/eschool-content/id1296241492 Web Version: https://www.myeschoolhome.com/account/login.html?lang=en&target=%2F
 Section: Overview
 URL: https://web.myeschoolhome.com/products/content . 

 Text: Overview: This is a Our Products | Comprehensive School Management Solutions – eSchool. Explore eSchool's suite of digital products designed to streamline education operations—ranging from attendance tracking and grade reporting to financial and communication tools for modern schools.Keywords: eschool products, school software, education technology, attendance system, gradebook software, school financial tools, online school platform, school digital transformation
 Section: Overview
 URL: https://web.myeschoolhome.com/products . 

 Text: eSchool Gradebook Overview: This is a Online Gradebook System | Real-Time Student Grades – eSchool. Grades Made Smarter. The eSchool Gradebook is an all-in-one digital tool that allows teachers to record, manage, and share student grades in real time. It simplifies grading, supports transparent academic communication, and helps schools maintain accurate performance records effortlessly. Track and manage student performance with eSchool’s Gradebook. Access real-time grades, averages, and assessment reports for transparent academic tracking.Keywords: eschool gradebook, student grades online, digital report card, academic performance tracking, online assessment, school grading system Google Play: https://play.google.com/store/apps/details?id=com.eschool.gradebook App Store: https://apps.apple.com/us/app/eschool-gradebook/id1322901106 Web Version: https://www.myeschoolhome.com/account/login.html?lang=en&target=%2F
 Section: Overview
 URL: https://web.myeschoolhome.com/products/gradebook . 

 Text: eSchool Exams Overview: This is a Exam Management System | Schedule & Track School Exams – eSchool. Digital Examination System. Digital examination system with automated grading and comprehensive exam management features. Organize exams efficiently with eSchool. Plan exam schedules, publish results, and provide students with seamless access to performance feedback.Keywords: eschool exams, exam scheduling, school assessments, student results, online exam platform, exam results management Google Play:  App Store:  Web Version: https://www.myeschoolhome.com/account/login.html?lang=en&target=%2F#/!/home
 Section: Overview
 URL: https://web.myeschoolhome.com/products/exams . 

 Text: eSchool Administrator Overview: This is a School Administration Platform | eSchool Administrator. Complete School Management. It centralizes administrative tasks, financial tracking, and educational content, fostering a cohesive and organized environment for effective school management. Centralize administrative tasks, financial tracking, and content management with eSchool Administrator.Keywords: eschool administrator, school management, financial tracking, content management Google Play:  App Store:  Web Version:
 Section: Overview
 URL: https://web.myeschoolhome.com/products/administrator . 

 Text: eSchool Connect Overview: This is a Parent-Teacher Online Communication Platform | eSchool Connect. School Communication. A secure communication platform uniting teachers, parents, and students. Integrated within eSchool LMS and mobile app, it supports smooth, safe communication across your school community. Enhance online communication between parents, students, and teachers with eSchool Connect. Stay updated with messages, announcements, and school updates in real-time.Keywords: eschool connect, parent-teacher communication, school notifications, online school messaging, real-time updates, school announcements Google Play: https://play.google.com/store/apps/details?id=xdk.intel.cordova.eSchoolApp App Store: https://apps.apple.com/us/app/eschool-connect/id1056313709 Web Version: https://www.myeschoolhome.com/account/login.html?lang=en&target=%2F
 Section: Overview
 URL: https://web.myeschoolhome.com/products/connect . 

 Text: eSchool Agenda Overview: This is a Smart School Scheduling | eSchool Agenda. A Paperless Agenda. Organize assignments, deadlines, and live classes all in one eco-friendly planner. Manage school events, classes, and deadlines efficiently with eSchool Agenda.Keywords: eschool agenda, school calendar, event management, scheduling, deadline tracking Google Play: https://play.google.com/store/apps/details?id=com.eschool.agenda App Store: https://apps.apple.com/us/app/eschool-agenda/id1434284896 Web Version: https://www.myeschoolhome.com/account/login.html?lang=en&target=%2F
 Section: Overview
 URL: https://web.myeschoolhome.com/products/agenda . 

 Text: eSchool Safety Overview: This is a School Safety & Attendance Monitoring | Secure Student Check-ins – eSchool. Always Know They’re Safe. eSchool Safety is a sophisticated mobile application designed for parents to seamlessly track their children's school bus in real-time, providing invaluable peace of mind. Ensure student safety with real-time attendance tracking, secure bus monitoring, and digital check-in systems via the eSchool platform.Keywords: eschool safety, student check-in, school attendance monitoring, student bus tracking, school security system, digital attendance Google Play: https://play.google.com/store/apps/details?id=com.eschool.safety App Store: https://apps.apple.com/us/app/eschool-safety/id1239307419 Web Version: https://www.myeschoolhome.com/account/login.html?lang=en&target=%2F
 Section: Overview
 URL: https://web.myeschoolhome.com/products/safety . 

 Text: Overview: Contact Us | Get in Touch with eSchool Team. Have questions or need support? Reach out to the eSchool team for product inquiries, partnerships, or customer service assistance. We're here to help. eschool contact, get in touch, school software support, edtech contact, education solutions inquiry, eschool Lebanon.
 Section: Overview
 URL: https://web.myeschoolhome.com/contact . 

 Text: Overview: Insights & Articles | Education Technology Blog by eSchool. Read expert insights, guides, and thought leadership articles on digital education, school management, and the future of learning from the eSchool team. eschool blog, education articles, school management tips, edtech blog, digital learning, school leadership, modern education.
 Section: Overview
 URL: https://web.myeschoolhome.com/blog . 

 Text: Get in Touch | Email: info@eschooledu.com
Get in Touch | Location Addresss: Hamra - Sanayeh, Beirut, Lebanon, BAC Center building, Third floor
Get in Touch | Facebook: https://www.facebook.com/eschooledu/#
Get in Touch | Instagram: https://www.instagram.com/eschool.leb/?igshid=OGQ2MjdiOTE%3D
Get in Touch | LinkedIn: https://www.linkedin.com/company/eschool-edu/
Get in Touch | Send Us a Message: Fill the form on website, fill you First Name, Last Name, Email, Phone, and Message
 Section: Get in Touch
 URL: https://web.myeschoolhome.com/contact . 

 Text: Description: eSchool Portal | Modern School Information Management System. eSchool the preferred choice for educational institutions worldwide. eSchool Portal is a comprehensive, AI-powered school management system offering integrated solutions for student enrollment, attendance, grades, communication, and online learning. Empower your educational institution with our user-friendly platform. Keywords: eSchool Portal, school management system, student information system, AI-powered education, online learning platform, school ERP, digital classrooms, education technology, school administration software, eSchool Lebanon.
 Section: Description
 URL: https://web.myeschoolhome.com/ . 

 Text: What Our Clients Say: eSchool is a versatile platform that was able to adopt and transform the learning process from the in class teaching to online teaching in a smooth and effective manner. The platform is comprehensive and covers all aspects of the learning process. Its ability to be a platform where the school can offer online classes , agenda, e-library, online assessment and many other features makes it a must have for today’s education needs. Written by: Dr. Jimmy Choufani, School Principal
 Section: What Our Clients Say
 URL: https://web.myeschoolhome.com/ . 

 Text: eSchool Connect: Grades, objectives, behavior, and everything that contributes to creating a complete student's portfolio: The school app's comprehensive student file goes beyond mere academic grades, encompassing a wide range of essential information such as goals, behavioral records, and other pertinent details. This feature establishes a holistic and centralized approach to student development and assessment. By consolidating diverse aspects of a student's educational journey in one place, the app provides educators and administrators with a comprehensive view of each student's progress, strengths, and areas for improvement. This centralized student file not only aids in academic evaluation but also facilitates a more informed and personalized approach to support each student's growth. Educators can track individual goals, monitor behavioral patterns, and collaborate effectively to ensure a well-rounded educational experience. This holistic perspective enhances the overall understanding of students' needs, contributing to a more tailored and effective educational environment.
 Section: Grades, objectives, behavior, and everything that contributes to creating a complete student's portfolio
 URL: https://web.myeschoolhome.com/products/connect . 
----------------------------------------
