time=2026-01-06 11:42:26
ip=127.0.0.1
user_query=hi
stage=decision making
response={
  "category": "unrelated",
  "answer": "Hello! How can I assist you with the school management system today?",
  "confidence": 1.0
}
embedding_model=embedding-gemma
retrieved_chunks=
----------------------------------------
time=2026-01-06 11:43:00
ip=127.0.0.1
user_query=what is eschool?
stage=decision making
response={
  "category": "related",
  "answer": "",
  "confidence": 1.0
}
embedding_model=embedding-gemma
retrieved_chunks=
----------------------------------------
time=2026-01-06 11:43:01
ip=127.0.0.1
user_query=what is eschool?
stage=answer generation
response={
  "answer": "eSchool is a comprehensive, AI-powered school management system offering integrated solutions for student enrollment, attendance, grades, communication, and online learning. It is a modern school information management system and digital learning platform.",
  "confidence": 1.0
}
embedding_model=embedding-gemma
retrieved_chunks= Text: eSchool Content Overview: This is a Digital Learning Resources | Upload & Share Educational Content – eSchool. Digital Learning Resources. Rich digital content library and learning resources platform that delivers educational materials—articles, videos, interactive content—to support student learning. Distribute educational materials and digital content through eSchool. Empower teachers and students with access to files, lectures, and multimedia resources.Keywords: eschool content, digital education materials, learning resources, e-learning platform, school content sharing, online lectures Google Play: https://play.google.com/store/apps/details?id=eschool.apps.eschoolshelves App Store: https://apps.apple.com/us/app/eschool-content/id1296241492 Web Version: https://www.myeschoolhome.com/account/login.html?lang=en&target=%2F
 Section: Overview
 URL: https://web.myeschoolhome.com/products/content . 

 Text: eSchool Exams Overview: This is a Exam Management System | Schedule & Track School Exams – eSchool. Digital Examination System. Digital examination system with automated grading and comprehensive exam management features. Organize exams efficiently with eSchool. Plan exam schedules, publish results, and provide students with seamless access to performance feedback.Keywords: eschool exams, exam scheduling, school assessments, student results, online exam platform, exam results management Google Play:  App Store:  Web Version: https://www.myeschoolhome.com/account/login.html?lang=en&target=%2F#/!/home
 Section: Overview
 URL: https://web.myeschoolhome.com/products/exams . 

 Text: Overview: School Events & Updates | eSchool Community Activities. Stay updated with the latest events, workshops, and educational activities happening within the eSchool network. Empowering school communities through engagement and shared experiences. school events, eschool activities, education events, school community, student engagement, workshops, academic calendar.
 Section: Overview
 URL: https://web.myeschoolhome.com/news-events . 

 Text: eSchool Room Overview: This is a Live Online Classes | Virtual Learning Platform – eSchool. Virtual Classroom Platform. It provides a robust platform that engages students with interactive content, and effective educational experience through virtual classroom features. Deliver interactive virtual classes with eSchool Live. Host real-time lessons, share presentations, and engage students in a secure online classroom.Keywords: eschool live class, virtual classroom, online teaching, real-time school classes, digital lessons, remote learning platform Google Play: https://play.google.com/store/apps/details?id=com.eschool.liveclass App Store: https://apps.apple.com/us/app/eschool-rooms/id1585677892 Web Version: https://www.myeschoolhome.com/account/login.html?lang=en&target=%2F
 Section: Overview
 URL: https://web.myeschoolhome.com/products/room . 

 Text: Overview: Insights & Articles | Education Technology Blog by eSchool. Read expert insights, guides, and thought leadership articles on digital education, school management, and the future of learning from the eSchool team. eschool blog, education articles, school management tips, edtech blog, digital learning, school leadership, modern education.
 Section: Overview
 URL: https://web.myeschoolhome.com/blog . 

 Text: Overview: This is a Our Products | Comprehensive School Management Solutions – eSchool. Explore eSchool's suite of digital products designed to streamline education operations—ranging from attendance tracking and grade reporting to financial and communication tools for modern schools.Keywords: eschool products, school software, education technology, attendance system, gradebook software, school financial tools, online school platform, school digital transformation
 Section: Overview
 URL: https://web.myeschoolhome.com/products . 

 Text: eSchool Connect Overview: This is a Parent-Teacher Online Communication Platform | eSchool Connect. School Communication. A secure communication platform uniting teachers, parents, and students. Integrated within eSchool LMS and mobile app, it supports smooth, safe communication across your school community. Enhance online communication between parents, students, and teachers with eSchool Connect. Stay updated with messages, announcements, and school updates in real-time.Keywords: eschool connect, parent-teacher communication, school notifications, online school messaging, real-time updates, school announcements Google Play: https://play.google.com/store/apps/details?id=xdk.intel.cordova.eSchoolApp App Store: https://apps.apple.com/us/app/eschool-connect/id1056313709 Web Version: https://www.myeschoolhome.com/account/login.html?lang=en&target=%2F
 Section: Overview
 URL: https://web.myeschoolhome.com/products/connect . 

 Text: eSchool Gradebook Overview: This is a Online Gradebook System | Real-Time Student Grades – eSchool. Grades Made Smarter. The eSchool Gradebook is an all-in-one digital tool that allows teachers to record, manage, and share student grades in real time. It simplifies grading, supports transparent academic communication, and helps schools maintain accurate performance records effortlessly. Track and manage student performance with eSchool’s Gradebook. Access real-time grades, averages, and assessment reports for transparent academic tracking.Keywords: eschool gradebook, student grades online, digital report card, academic performance tracking, online assessment, school grading system Google Play: https://play.google.com/store/apps/details?id=com.eschool.gradebook App Store: https://apps.apple.com/us/app/eschool-gradebook/id1322901106 Web Version: https://www.myeschoolhome.com/account/login.html?lang=en&target=%2F
 Section: Overview
 URL: https://web.myeschoolhome.com/products/gradebook . 

 Text: eSchool Administrator Overview: This is a School Administration Platform | eSchool Administrator. Complete School Management. It centralizes administrative tasks, financial tracking, and educational content, fostering a cohesive and organized environment for effective school management. Centralize administrative tasks, financial tracking, and content management with eSchool Administrator.Keywords: eschool administrator, school management, financial tracking, content management Google Play:  App Store:  Web Version:
 Section: Overview
 URL: https://web.myeschoolhome.com/products/administrator . 

 Text: Product eSchool Content: Rich digital content library and learning resources. Features: Digital Library. Interactive Content. Resource Sharing
 Section: eSchool Content
 URL: https://web.myeschoolhome.com/products/content . 

 Text: Description: eSchool Portal | Modern School Information Management System. eSchool the preferred choice for educational institutions worldwide. eSchool Portal is a comprehensive, AI-powered school management system offering integrated solutions for student enrollment, attendance, grades, communication, and online learning. Empower your educational institution with our user-friendly platform. Keywords: eSchool Portal, school management system, student information system, AI-powered education, online learning platform, school ERP, digital classrooms, education technology, school administration software, eSchool Lebanon.
 Section: Description
 URL: https://web.myeschoolhome.com/ . 

 Text: eSchool Safety Overview: This is a School Safety & Attendance Monitoring | Secure Student Check-ins – eSchool. Always Know They’re Safe. eSchool Safety is a sophisticated mobile application designed for parents to seamlessly track their children's school bus in real-time, providing invaluable peace of mind. Ensure student safety with real-time attendance tracking, secure bus monitoring, and digital check-in systems via the eSchool platform.Keywords: eschool safety, student check-in, school attendance monitoring, student bus tracking, school security system, digital attendance Google Play: https://play.google.com/store/apps/details?id=com.eschool.safety App Store: https://apps.apple.com/us/app/eschool-safety/id1239307419 Web Version: https://www.myeschoolhome.com/account/login.html?lang=en&target=%2F
 Section: Overview
 URL: https://web.myeschoolhome.com/products/safety . 

 Text: Product eSchool Exams: Digital examination system with automated grading. Features: Online Testing. Auto Grading. Result Analytics
 Section: eSchool Exams
 URL: https://web.myeschoolhome.com/products/exams . 

 Text: eSchool Agenda Overview: This is a Smart School Scheduling | eSchool Agenda. A Paperless Agenda. Organize assignments, deadlines, and live classes all in one eco-friendly planner. Manage school events, classes, and deadlines efficiently with eSchool Agenda.Keywords: eschool agenda, school calendar, event management, scheduling, deadline tracking Google Play: https://play.google.com/store/apps/details?id=com.eschool.agenda App Store: https://apps.apple.com/us/app/eschool-agenda/id1434284896 Web Version: https://www.myeschoolhome.com/account/login.html?lang=en&target=%2F
 Section: Overview
 URL: https://web.myeschoolhome.com/products/agenda . 

 Text: Product eSchool Connect: Seamless communication between parents, teachers, and students. Features: Parent Portal. Teacher Chat. Student Community
 Section: eSchool Connect
 URL: https://web.myeschoolhome.com/products/connect . 
----------------------------------------
time=2026-01-06 11:43:24
ip=127.0.0.1
user_query=where is the company located?
stage=decision making
response={
  "category": "related",
  "answer": "",
  "confidence": 0.9
}
embedding_model=embedding-gemma
retrieved_chunks=
----------------------------------------
time=2026-01-06 11:43:25
ip=127.0.0.1
user_query=where is the company located?
stage=answer generation
response={
  "answer": "The company is located at Hamra - Sanayeh, Beirut, Lebanon, BAC Center building, Third floor.",
  "confidence": 1.0
}
embedding_model=embedding-gemma
retrieved_chunks= Text: Get in Touch | Email: info@eschooledu.com
Get in Touch | Location Addresss: Hamra - Sanayeh, Beirut, Lebanon, BAC Center building, Third floor
Get in Touch | Facebook: https://www.facebook.com/eschooledu/#
Get in Touch | Instagram: https://www.instagram.com/eschool.leb/?igshid=OGQ2MjdiOTE%3D
Get in Touch | LinkedIn: https://www.linkedin.com/company/eschool-edu/
Get in Touch | Send Us a Message: Fill the form on website, fill you First Name, Last Name, Email, Phone, and Message
 Section: Get in Touch
 URL: https://web.myeschoolhome.com/contact . 

 Text: Our Journey - 2007: Empowering Education Through Innovation. Our company’s dedication to spearheading digital transformation in education across Arab educational institutions became a priority. We envisioned a future where innovative technologies enhance learning experiences, making education more accessible and impactful for everyone. Our mission was and is still to collaborate with stakeholders to build robust digital infrastructure, develop tailored educational resources, and advocate for policies that support the integration of technology in education.
 Section: Our Journey - 2007
 URL: https://web.myeschoolhome.com/about . 

 Text: It's an honor for us to receive this certificate. We would like to thank you and your team for all the support you gave and for always being there. We wish you continuous success in your business. Thank you. Written by: Mrs. Rabab Abdullah Juma, Director
 Section: What Our Clients Say
 URL: https://web.myeschoolhome.com/ . 

 Text: Our Journey - Today: Leading Innovation. eSchool company stands as a beacon of educational excellence in the digital realm. With years of innovation and dedication under our belt, we continue to redefine the landscape of learning, adapting to the evolving needs of students and educators alike. Our commitment to providing top-tier digital school services remains unwavering, as we strive to empower learners and facilitate seamless educational experiences. From interactive lessons to collaborative platforms, we remain at the forefront of educational technology, shaping the future of learning with every click and connection.
 Section: Our Journey - Today
 URL: https://web.myeschoolhome.com/about . 

 Text: Overview: Contact Us | Get in Touch with eSchool Team. Have questions or need support? Reach out to the eSchool team for product inquiries, partnerships, or customer service assistance. We're here to help. eschool contact, get in touch, school software support, edtech contact, education solutions inquiry, eschool Lebanon.
 Section: Overview
 URL: https://web.myeschoolhome.com/contact . 

 Text: CEO Quote: Education is the compass that guides us toward a brighter future, equipping us with the knowledge and skills to navigate life's challenges and pursue our dreams. — Oussama Ezzedine, CEO
 Section: CEO Quote
 URL: https://web.myeschoolhome.com/about . 

 Text: eSchool Safety Overview: This is a School Safety & Attendance Monitoring | Secure Student Check-ins – eSchool. Always Know They’re Safe. eSchool Safety is a sophisticated mobile application designed for parents to seamlessly track their children's school bus in real-time, providing invaluable peace of mind. Ensure student safety with real-time attendance tracking, secure bus monitoring, and digital check-in systems via the eSchool platform.Keywords: eschool safety, student check-in, school attendance monitoring, student bus tracking, school security system, digital attendance Google Play: https://play.google.com/store/apps/details?id=com.eschool.safety App Store: https://apps.apple.com/us/app/eschool-safety/id1239307419 Web Version: https://www.myeschoolhome.com/account/login.html?lang=en&target=%2F
 Section: Overview
 URL: https://web.myeschoolhome.com/products/safety . 

 Text: Get in Touch | Phone number Lebanon 1: +961 81 853 832
Get in Touch | Phone number Lebanon 2: +961 3 623 352
Get in Touch | Phone number Lebanon 3: +961 76 764 252
Get in Touch | Phone number Iraq: +964 786 113 8857
Get in Touch | Phone number Oman: +968 90 123 757
Get in Touch | Phone number Turkey: +90 507 925 7501
Get in Touch | WhatsApp: +961 81 853 832 +961 76 764 252
 Section: Get in Touch
 URL: https://web.myeschoolhome.com/contact . 

 Text: Product eSchool Safety: Comprehensive security and compliance management. Features: Access Control. Emergency Protocols. Compliance Tracking
 Section: eSchool Safety
 URL: https://web.myeschoolhome.com/products/safety . 

 Text: eSchool Administrator Employee File: It allows users to input personal, administrative, academic, and financial info for employees and teachers. Applicants can apply online or in person, and acceptance is based on interviews or tests. Each employee has a file covering financial, insurance, compensation, loans, contracts, and salary details. Salaries are calculated and sent via eSchool Connect app, with deductions for insurance, compensation, and taxes. The system facilitates tax declarations, annual settlements, and financial obligations to the compensation fund and insurance.
 Section: Employee File
 URL: https://web.myeschoolhome.com/products/administrator . 

 Text: في ظلّ جائحة كورونا وما نتج عنها من توقّف للتّعليم الحضوريّ، عزمنا على متابعة مسيرتنا التّربويّة والتّعليميّة بأفضل وأحدث الوسائل. ولنصل الى هدفنا، بحثنا عن أفضل الشّركات التّكنولوجيّة الّتي تسمح لنا بمواكبة أبنائنا عبر التّعلّم عن بعد. ووقع اختيارنا على شركة eSchool، وطبعًا لم نخطئ في قرارنا. فقد حرص القيّمون عليها على تقديم أفضل الخدمات التّقنيّة الّتي تساعدنا على تحقيق أهدافنا التّربويّة والتّعليميّة. وأخذت الشّركة بعين الاعتبار تقييمنا المستمرّ للخدمات المقدّمة لتقديم الأفضل. وقد أثمر التّعاون بيننا عمليّة تربويّة ناجحة عن بعد في كلّ المقاييس وضعتنا في المقدّمة مع أفضل المؤسّسات التّربويّة. Written by: Mr. Rawad Hawash, Educational Director
 Section: What Our Clients Say
 URL: https://web.myeschoolhome.com/ . 

 Text: eSchool Safety Feature – Easy Tracking for Parents: Parents switch between children from one dashboard, view live GPS positions, and receive instant arrival alerts, delivering peace of mind on every commute.
 Section: Easy Tracking for Parents
 URL: https://web.myeschoolhome.com/products/safety . 

 Text: Product eSchool Agenda: Smart scheduling and calendar management for all school activities. Features: Event Management. Class Scheduling. Deadline Tracking
 Section: eSchool Agenda
 URL: https://web.myeschoolhome.com/products/agenda . 

 Text: Product eSchool Exams: Digital examination system with automated grading. Features: Online Testing. Auto Grading. Result Analytics
 Section: eSchool Exams
 URL: https://web.myeschoolhome.com/products/exams . 

 Text: Product eSchool Administrator: It centralizes administrative tasks, financial tracking, and educational content, fostering a cohesive and organized environment for effective school management.. Features: Administrative Tasks. Financial Tracking. Content Management
 Section: eSchool Administrator
 URL: https://web.myeschoolhome.com/products/administrator . 
----------------------------------------
time=2026-01-06 11:44:35
ip=127.0.0.1
user_query=how to contact you?
stage=decision making
response=```json
{
  "category": "related",
  "answer": "",
  "confidence": 1.0
}
```
embedding_model=embedding-gemma
retrieved_chunks=
----------------------------------------
time=2026-01-06 11:44:38
ip=127.0.0.1
user_query=how to contact you?
stage=answer generation
response={
  "answer": "You can contact eSchool by phone, email, or social media. Phone numbers include +961 81 853 832, +961 3 623 352, and +961 76 764 252 for Lebanon, with additional numbers for Iraq, Oman, and Turkey. The email address is info@eschooledu.com. You can also reach them via Facebook, Instagram, or LinkedIn. Their location is Hamra - Sanayeh, Beirut, Lebanon, BAC Center building, Third floor. Alternatively, you can fill out a contact form on the website.",
  "confidence": 1.0
}
embedding_model=embedding-gemma
retrieved_chunks= Text: Overview: Contact Us | Get in Touch with eSchool Team. Have questions or need support? Reach out to the eSchool team for product inquiries, partnerships, or customer service assistance. We're here to help. eschool contact, get in touch, school software support, edtech contact, education solutions inquiry, eschool Lebanon.
 Section: Overview
 URL: https://web.myeschoolhome.com/contact . 

 Text: Get in Touch | Phone number Lebanon 1: +961 81 853 832
Get in Touch | Phone number Lebanon 2: +961 3 623 352
Get in Touch | Phone number Lebanon 3: +961 76 764 252
Get in Touch | Phone number Iraq: +964 786 113 8857
Get in Touch | Phone number Oman: +968 90 123 757
Get in Touch | Phone number Turkey: +90 507 925 7501
Get in Touch | WhatsApp: +961 81 853 832 +961 76 764 252
 Section: Get in Touch
 URL: https://web.myeschoolhome.com/contact . 

 Text: Get in Touch | Email: info@eschooledu.com
Get in Touch | Location Addresss: Hamra - Sanayeh, Beirut, Lebanon, BAC Center building, Third floor
Get in Touch | Facebook: https://www.facebook.com/eschooledu/#
Get in Touch | Instagram: https://www.instagram.com/eschool.leb/?igshid=OGQ2MjdiOTE%3D
Get in Touch | LinkedIn: https://www.linkedin.com/company/eschool-edu/
Get in Touch | Send Us a Message: Fill the form on website, fill you First Name, Last Name, Email, Phone, and Message
 Section: Get in Touch
 URL: https://web.myeschoolhome.com/contact . 

 Text: Product eSchool Connect: Seamless communication between parents, teachers, and students. Features: Parent Portal. Teacher Chat. Student Community
 Section: eSchool Connect
 URL: https://web.myeschoolhome.com/products/connect . 

 Text: eSchool Connect Overview: This is a Parent-Teacher Online Communication Platform | eSchool Connect. School Communication. A secure communication platform uniting teachers, parents, and students. Integrated within eSchool LMS and mobile app, it supports smooth, safe communication across your school community. Enhance online communication between parents, students, and teachers with eSchool Connect. Stay updated with messages, announcements, and school updates in real-time.Keywords: eschool connect, parent-teacher communication, school notifications, online school messaging, real-time updates, school announcements Google Play: https://play.google.com/store/apps/details?id=xdk.intel.cordova.eSchoolApp App Store: https://apps.apple.com/us/app/eschool-connect/id1056313709 Web Version: https://www.myeschoolhome.com/account/login.html?lang=en&target=%2F
 Section: Overview
 URL: https://web.myeschoolhome.com/products/connect . 

 Text: eSchool Connect: Messages, Discussions and Rooms: This feature provides students with a powerful platform that facilitates vibrant communication and discussions, fostering engaging dialogues and collaborative learning opportunities within the school setting. It enhances the educational experience by encouraging interactive exchanges and shared knowledge among students. It includes Rooms section which allows participants to have live meetings, Messages section which insurers efficient communication among students, parents, teachers and administration. Last there is the Discussions section of which teachers can discuss various issues through scheduled chatting live with students.
 Section: Messages, Discussions and Rooms
 URL: https://web.myeschoolhome.com/products/connect . 

 Text: eSchool Connect: Comments, Likes: Parents are given the opportunity to actively participate in the school community through the app's features, allowing them to comment on and express appreciation for various posts. By enabling interactions such as commenting and liking, the app not only facilitates communication but also cultivates a sense of community within the parental network. This engagement not only strengthens the connection between parents and educators but also creates a collaborative atmosphere where shared insights, questions, and positive feedback contribute to a more vibrant and supportive school environment.
 Section: Comments, Likes
 URL: https://web.myeschoolhome.com/products/connect . 

 Text: eSchool Connect: Posts: Tool that simplifies the exchange of posts between teachers and parents, creating a streamlined platform that enhances the distribution of pertinent information. This fosters efficient communication within the school community, promoting collaboration and engagement between educators and parents for the benefit of the students.
 Section: Posts
 URL: https://web.myeschoolhome.com/products/connect . 

 Text: eSchool Administrator Employee File: It allows users to input personal, administrative, academic, and financial info for employees and teachers. Applicants can apply online or in person, and acceptance is based on interviews or tests. Each employee has a file covering financial, insurance, compensation, loans, contracts, and salary details. Salaries are calculated and sent via eSchool Connect app, with deductions for insurance, compensation, and taxes. The system facilitates tax declarations, annual settlements, and financial obligations to the compensation fund and insurance.
 Section: Employee File
 URL: https://web.myeschoolhome.com/products/administrator . 

 Text: eSchool Gradebook: Prepare Easily by Using Our Daily Planner: Harness the power of the Daily Planner to meticulously prepare lessons, ensuring thorough organization of steps, resources, and objectives. With this tool, you can seamlessly attach files and images, fostering enriched learning experiences. Furthermore, facilitate effective communication by sharing comments with managers, fostering collaboration and alignment with organizational goals.
 Section: Prepare Easily by Using Our Daily Planner
 URL: https://web.myeschoolhome.com/products/gradebook . 

 Text: eSchool Safety Feature – Secure School Bus Communication: Two-way driver messaging, GPS-powered delay alerts, and emergency notifications keep families informed while logging every interaction for the school’s safety records.
 Section: Secure School Bus Communication
 URL: https://web.myeschoolhome.com/products/safety . 

 Text: eSchool Room: Record your meetings, activities, and shared screens, then access them from an archive where students replay missed lessons and teachers pull clips for evidence of curriculum coverage.
 Section: Record Your meetings, activities, shared screens and find it archived
 URL: https://web.myeschoolhome.com/products/room . 

 Text: Product eSchool Room: It provides a robust platform that engages students with interactive content, and effective educational experience.. Features: Interactive Content. Student Engagement. Educational Experience
 Section: eSchool Room
 URL: https://web.myeschoolhome.com/products/room . 

 Text: eSchool Room: Simple Scheduling: Teachers can easily schedule meetings through our school app by accessing the scheduling feature, where they can specify the date, time, and duration of the meeting. Additionally, teachers have the option to choose who can enter the meeting as well. This ensures privacy and allows for tailored discussions. By providing these customizable options, teachers can efficiently organize meetings that suit their schedules and preferences, fostering effective communication between parents, teachers, and students.
 Section: Simple Scheduling
 URL: https://web.myeschoolhome.com/products/room . 

 Text: Product eSchool Administrator: It centralizes administrative tasks, financial tracking, and educational content, fostering a cohesive and organized environment for effective school management.. Features: Administrative Tasks. Financial Tracking. Content Management
 Section: eSchool Administrator
 URL: https://web.myeschoolhome.com/products/administrator . 
----------------------------------------
time=2026-01-08 10:30:10
ip=127.0.0.1
user_query=hello
stage=decision making
response={
  "category": "unrelated",
  "answer": "Hello! How can I assist you with the school management system today?",
  "confidence": 1.0
}
embedding_model=embedding-gemma
retrieved_chunks=
----------------------------------------
time=2026-01-08 10:30:42
ip=127.0.0.1
user_query=what is eschool?
stage=decision making
response={
  "category": "related",
  "answer": "",
  "confidence": 1.0
}
embedding_model=embedding-gemma
retrieved_chunks=
----------------------------------------
time=2026-01-08 10:30:44
ip=127.0.0.1
user_query=what is eschool?
stage=answer generation
response={
  "answer": "eSchool is a comprehensive, AI-powered school management system offering integrated solutions for student enrollment, attendance, grades, communication, and online learning. It provides a suite of digital products designed to streamline education operations.",
  "confidence": 1.0
}
embedding_model=embedding-gemma
retrieved_chunks= Text: eSchool Content Overview: This is a Digital Learning Resources | Upload & Share Educational Content – eSchool. Digital Learning Resources. Rich digital content library and learning resources platform that delivers educational materials—articles, videos, interactive content—to support student learning. Distribute educational materials and digital content through eSchool. Empower teachers and students with access to files, lectures, and multimedia resources.Keywords: eschool content, digital education materials, learning resources, e-learning platform, school content sharing, online lectures Google Play: https://play.google.com/store/apps/details?id=eschool.apps.eschoolshelves App Store: https://apps.apple.com/us/app/eschool-content/id1296241492 Web Version: https://www.myeschoolhome.com/account/login.html?lang=en&target=%2F
 Section: Overview
 URL: https://web.myeschoolhome.com/products/content . 

 Text: eSchool Exams Overview: This is a Exam Management System | Schedule & Track School Exams – eSchool. Digital Examination System. Digital examination system with automated grading and comprehensive exam management features. Organize exams efficiently with eSchool. Plan exam schedules, publish results, and provide students with seamless access to performance feedback.Keywords: eschool exams, exam scheduling, school assessments, student results, online exam platform, exam results management Google Play:  App Store:  Web Version: https://www.myeschoolhome.com/account/login.html?lang=en&target=%2F#/!/home
 Section: Overview
 URL: https://web.myeschoolhome.com/products/exams . 

 Text: Overview: School Events & Updates | eSchool Community Activities. Stay updated with the latest events, workshops, and educational activities happening within the eSchool network. Empowering school communities through engagement and shared experiences. school events, eschool activities, education events, school community, student engagement, workshops, academic calendar.
 Section: Overview
 URL: https://web.myeschoolhome.com/news-events . 

 Text: eSchool Room Overview: This is a Live Online Classes | Virtual Learning Platform – eSchool. Virtual Classroom Platform. It provides a robust platform that engages students with interactive content, and effective educational experience through virtual classroom features. Deliver interactive virtual classes with eSchool Live. Host real-time lessons, share presentations, and engage students in a secure online classroom.Keywords: eschool live class, virtual classroom, online teaching, real-time school classes, digital lessons, remote learning platform Google Play: https://play.google.com/store/apps/details?id=com.eschool.liveclass App Store: https://apps.apple.com/us/app/eschool-rooms/id1585677892 Web Version: https://www.myeschoolhome.com/account/login.html?lang=en&target=%2F
 Section: Overview
 URL: https://web.myeschoolhome.com/products/room . 

 Text: Overview: Insights & Articles | Education Technology Blog by eSchool. Read expert insights, guides, and thought leadership articles on digital education, school management, and the future of learning from the eSchool team. eschool blog, education articles, school management tips, edtech blog, digital learning, school leadership, modern education.
 Section: Overview
 URL: https://web.myeschoolhome.com/blog . 

 Text: Overview: This is a Our Products | Comprehensive School Management Solutions – eSchool. Explore eSchool's suite of digital products designed to streamline education operations—ranging from attendance tracking and grade reporting to financial and communication tools for modern schools.Keywords: eschool products, school software, education technology, attendance system, gradebook software, school financial tools, online school platform, school digital transformation
 Section: Overview
 URL: https://web.myeschoolhome.com/products . 

 Text: eSchool Connect Overview: This is a Parent-Teacher Online Communication Platform | eSchool Connect. School Communication. A secure communication platform uniting teachers, parents, and students. Integrated within eSchool LMS and mobile app, it supports smooth, safe communication across your school community. Enhance online communication between parents, students, and teachers with eSchool Connect. Stay updated with messages, announcements, and school updates in real-time.Keywords: eschool connect, parent-teacher communication, school notifications, online school messaging, real-time updates, school announcements Google Play: https://play.google.com/store/apps/details?id=xdk.intel.cordova.eSchoolApp App Store: https://apps.apple.com/us/app/eschool-connect/id1056313709 Web Version: https://www.myeschoolhome.com/account/login.html?lang=en&target=%2F
 Section: Overview
 URL: https://web.myeschoolhome.com/products/connect . 

 Text: eSchool Gradebook Overview: This is a Online Gradebook System | Real-Time Student Grades – eSchool. Grades Made Smarter. The eSchool Gradebook is an all-in-one digital tool that allows teachers to record, manage, and share student grades in real time. It simplifies grading, supports transparent academic communication, and helps schools maintain accurate performance records effortlessly. Track and manage student performance with eSchool’s Gradebook. Access real-time grades, averages, and assessment reports for transparent academic tracking.Keywords: eschool gradebook, student grades online, digital report card, academic performance tracking, online assessment, school grading system Google Play: https://play.google.com/store/apps/details?id=com.eschool.gradebook App Store: https://apps.apple.com/us/app/eschool-gradebook/id1322901106 Web Version: https://www.myeschoolhome.com/account/login.html?lang=en&target=%2F
 Section: Overview
 URL: https://web.myeschoolhome.com/products/gradebook . 

 Text: eSchool Administrator Overview: This is a School Administration Platform | eSchool Administrator. Complete School Management. It centralizes administrative tasks, financial tracking, and educational content, fostering a cohesive and organized environment for effective school management. Centralize administrative tasks, financial tracking, and content management with eSchool Administrator.Keywords: eschool administrator, school management, financial tracking, content management Google Play:  App Store:  Web Version:
 Section: Overview
 URL: https://web.myeschoolhome.com/products/administrator . 

 Text: Product eSchool Content: Rich digital content library and learning resources. Features: Digital Library. Interactive Content. Resource Sharing
 Section: eSchool Content
 URL: https://web.myeschoolhome.com/products/content . 

 Text: Description: eSchool Portal | Modern School Information Management System. eSchool the preferred choice for educational institutions worldwide. eSchool Portal is a comprehensive, AI-powered school management system offering integrated solutions for student enrollment, attendance, grades, communication, and online learning. Empower your educational institution with our user-friendly platform. Keywords: eSchool Portal, school management system, student information system, AI-powered education, online learning platform, school ERP, digital classrooms, education technology, school administration software, eSchool Lebanon.
 Section: Description
 URL: https://web.myeschoolhome.com/ . 

 Text: eSchool Safety Overview: This is a School Safety & Attendance Monitoring | Secure Student Check-ins – eSchool. Always Know They’re Safe. eSchool Safety is a sophisticated mobile application designed for parents to seamlessly track their children's school bus in real-time, providing invaluable peace of mind. Ensure student safety with real-time attendance tracking, secure bus monitoring, and digital check-in systems via the eSchool platform.Keywords: eschool safety, student check-in, school attendance monitoring, student bus tracking, school security system, digital attendance Google Play: https://play.google.com/store/apps/details?id=com.eschool.safety App Store: https://apps.apple.com/us/app/eschool-safety/id1239307419 Web Version: https://www.myeschoolhome.com/account/login.html?lang=en&target=%2F
 Section: Overview
 URL: https://web.myeschoolhome.com/products/safety . 

 Text: Product eSchool Exams: Digital examination system with automated grading. Features: Online Testing. Auto Grading. Result Analytics
 Section: eSchool Exams
 URL: https://web.myeschoolhome.com/products/exams . 

 Text: eSchool Agenda Overview: This is a Smart School Scheduling | eSchool Agenda. A Paperless Agenda. Organize assignments, deadlines, and live classes all in one eco-friendly planner. Manage school events, classes, and deadlines efficiently with eSchool Agenda.Keywords: eschool agenda, school calendar, event management, scheduling, deadline tracking Google Play: https://play.google.com/store/apps/details?id=com.eschool.agenda App Store: https://apps.apple.com/us/app/eschool-agenda/id1434284896 Web Version: https://www.myeschoolhome.com/account/login.html?lang=en&target=%2F
 Section: Overview
 URL: https://web.myeschoolhome.com/products/agenda . 

 Text: Product eSchool Connect: Seamless communication between parents, teachers, and students. Features: Parent Portal. Teacher Chat. Student Community
 Section: eSchool Connect
 URL: https://web.myeschoolhome.com/products/connect . 
----------------------------------------
time=2026-01-08 10:32:20
ip=127.0.0.1
user_query=what products does eschool offer?
stage=decision making
response={
  "category": "related",
  "answer": "",
  "confidence": 1.0
}
embedding_model=embedding-gemma
retrieved_chunks=
----------------------------------------
time=2026-01-08 10:32:22
ip=127.0.0.1
user_query=what products does eschool offer?
stage=answer generation
response={
  "answer": "eSchool offers a comprehensive suite of school management products. These include eSchool Content (digital library and resources), eSchool Exams (digital examination system), eSchool Room (virtual classroom platform), eSchool Connect (communication tools), eSchool Gradebook (grade management), eSchool Agenda (scheduling and calendar), eSchool Administrator (administrative and financial tasks), and eSchool Safety (security and compliance).",
  "confidence": 1.0
}
embedding_model=embedding-gemma
retrieved_chunks= Text: Overview: This is a Our Products | Comprehensive School Management Solutions – eSchool. Explore eSchool's suite of digital products designed to streamline education operations—ranging from attendance tracking and grade reporting to financial and communication tools for modern schools.Keywords: eschool products, school software, education technology, attendance system, gradebook software, school financial tools, online school platform, school digital transformation
 Section: Overview
 URL: https://web.myeschoolhome.com/products . 

 Text: Product eSchool Content: Rich digital content library and learning resources. Features: Digital Library. Interactive Content. Resource Sharing
 Section: eSchool Content
 URL: https://web.myeschoolhome.com/products/content . 

 Text: eSchool Content Overview: This is a Digital Learning Resources | Upload & Share Educational Content – eSchool. Digital Learning Resources. Rich digital content library and learning resources platform that delivers educational materials—articles, videos, interactive content—to support student learning. Distribute educational materials and digital content through eSchool. Empower teachers and students with access to files, lectures, and multimedia resources.Keywords: eschool content, digital education materials, learning resources, e-learning platform, school content sharing, online lectures Google Play: https://play.google.com/store/apps/details?id=eschool.apps.eschoolshelves App Store: https://apps.apple.com/us/app/eschool-content/id1296241492 Web Version: https://www.myeschoolhome.com/account/login.html?lang=en&target=%2F
 Section: Overview
 URL: https://web.myeschoolhome.com/products/content . 

 Text: Product eSchool Exams: Digital examination system with automated grading. Features: Online Testing. Auto Grading. Result Analytics
 Section: eSchool Exams
 URL: https://web.myeschoolhome.com/products/exams . 

 Text: Product eSchool Room: It provides a robust platform that engages students with interactive content, and effective educational experience.. Features: Interactive Content. Student Engagement. Educational Experience
 Section: eSchool Room
 URL: https://web.myeschoolhome.com/products/room . 

 Text: Product eSchool Connect: Seamless communication between parents, teachers, and students. Features: Parent Portal. Teacher Chat. Student Community
 Section: eSchool Connect
 URL: https://web.myeschoolhome.com/products/connect . 

 Text: Overview: Contact Us | Get in Touch with eSchool Team. Have questions or need support? Reach out to the eSchool team for product inquiries, partnerships, or customer service assistance. We're here to help. eschool contact, get in touch, school software support, edtech contact, education solutions inquiry, eschool Lebanon.
 Section: Overview
 URL: https://web.myeschoolhome.com/contact . 

 Text: Product eSchool Gradebook: Comprehensive grade management and progress tracking. Features: Grade Analytics. Progress Reports. Assessment Tools
 Section: eSchool Gradebook
 URL: https://web.myeschoolhome.com/products/gradebook . 

 Text: Product eSchool Agenda: Smart scheduling and calendar management for all school activities. Features: Event Management. Class Scheduling. Deadline Tracking
 Section: eSchool Agenda
 URL: https://web.myeschoolhome.com/products/agenda . 

 Text: Our Journey - 2023: Empowering Education: Now and Beyond. In the present and looking toward the future, eSchool company has forged integration agreements with leading educational companies to enhance our curriculum. These partnerships empower our educational offerings by supplementing the school curriculum presented by teachers in the classroom. Students now have access to a rich array of educational videos directly related to their subjects, allowing them to deepen and reinforce their knowledge. This integration ensures a more comprehensive and engaging learning experience, bridging classroom instruction with high-quality digital content.
 Section: Our Journey - 2023
 URL: https://web.myeschoolhome.com/about . 

 Text: Product eSchool Administrator: It centralizes administrative tasks, financial tracking, and educational content, fostering a cohesive and organized environment for effective school management.. Features: Administrative Tasks. Financial Tracking. Content Management
 Section: eSchool Administrator
 URL: https://web.myeschoolhome.com/products/administrator . 

 Text: Product eSchool Safety: Comprehensive security and compliance management. Features: Access Control. Emergency Protocols. Compliance Tracking
 Section: eSchool Safety
 URL: https://web.myeschoolhome.com/products/safety . 

 Text: eSchool Room Overview: This is a Live Online Classes | Virtual Learning Platform – eSchool. Virtual Classroom Platform. It provides a robust platform that engages students with interactive content, and effective educational experience through virtual classroom features. Deliver interactive virtual classes with eSchool Live. Host real-time lessons, share presentations, and engage students in a secure online classroom.Keywords: eschool live class, virtual classroom, online teaching, real-time school classes, digital lessons, remote learning platform Google Play: https://play.google.com/store/apps/details?id=com.eschool.liveclass App Store: https://apps.apple.com/us/app/eschool-rooms/id1585677892 Web Version: https://www.myeschoolhome.com/account/login.html?lang=en&target=%2F
 Section: Overview
 URL: https://web.myeschoolhome.com/products/room . 

 Text: Overview: Insights & Articles | Education Technology Blog by eSchool. Read expert insights, guides, and thought leadership articles on digital education, school management, and the future of learning from the eSchool team. eschool blog, education articles, school management tips, edtech blog, digital learning, school leadership, modern education.
 Section: Overview
 URL: https://web.myeschoolhome.com/blog . 

 Text: eSchool Exams Overview: This is a Exam Management System | Schedule & Track School Exams – eSchool. Digital Examination System. Digital examination system with automated grading and comprehensive exam management features. Organize exams efficiently with eSchool. Plan exam schedules, publish results, and provide students with seamless access to performance feedback.Keywords: eschool exams, exam scheduling, school assessments, student results, online exam platform, exam results management Google Play:  App Store:  Web Version: https://www.myeschoolhome.com/account/login.html?lang=en&target=%2F#/!/home
 Section: Overview
 URL: https://web.myeschoolhome.com/products/exams . 
----------------------------------------
time=2026-01-08 10:33:18
ip=127.0.0.1
user_query=who is the ceo?
stage=decision making
response={
  "category": "unrelated",
  "answer": "I'm sorry, I don't have access to that corporate information. I can only help you with questions about the features and functionality of the school management system.",
  "confidence": 1.0
}
embedding_model=embedding-gemma
retrieved_chunks=
----------------------------------------
time=2026-01-08 10:33:39
ip=127.0.0.1
user_query=who is the ceo of eschool?
stage=decision making
response={
  "category": "unrelated",
  "answer": "I'm sorry, I can only assist with questions about the features and functionality of the school management system.",
  "confidence": 1.0
}
embedding_model=embedding-gemma
retrieved_chunks=
----------------------------------------
time=2026-01-08 10:34:09
ip=127.0.0.1
user_query=who uses eschool?
stage=decision making
response={
  "category": "related",
  "answer": "",
  "confidence": 1.0
}
embedding_model=embedding-gemma
retrieved_chunks=
----------------------------------------
time=2026-01-08 10:34:11
ip=127.0.0.1
user_query=who uses eschool?
stage=answer generation
response={
  "answer": "eSchool is used by teachers, parents, students, and schools. It enables communication between parents, teachers, and students, allows parents to track student safety and attendance, helps teachers manage grades and deliver lessons, and provides digital resources for students.",
  "confidence": 0.9
}
embedding_model=embedding-gemma
retrieved_chunks= Text: eSchool Content Overview: This is a Digital Learning Resources | Upload & Share Educational Content – eSchool. Digital Learning Resources. Rich digital content library and learning resources platform that delivers educational materials—articles, videos, interactive content—to support student learning. Distribute educational materials and digital content through eSchool. Empower teachers and students with access to files, lectures, and multimedia resources.Keywords: eschool content, digital education materials, learning resources, e-learning platform, school content sharing, online lectures Google Play: https://play.google.com/store/apps/details?id=eschool.apps.eschoolshelves App Store: https://apps.apple.com/us/app/eschool-content/id1296241492 Web Version: https://www.myeschoolhome.com/account/login.html?lang=en&target=%2F
 Section: Overview
 URL: https://web.myeschoolhome.com/products/content . 

 Text: eSchool Connect Overview: This is a Parent-Teacher Online Communication Platform | eSchool Connect. School Communication. A secure communication platform uniting teachers, parents, and students. Integrated within eSchool LMS and mobile app, it supports smooth, safe communication across your school community. Enhance online communication between parents, students, and teachers with eSchool Connect. Stay updated with messages, announcements, and school updates in real-time.Keywords: eschool connect, parent-teacher communication, school notifications, online school messaging, real-time updates, school announcements Google Play: https://play.google.com/store/apps/details?id=xdk.intel.cordova.eSchoolApp App Store: https://apps.apple.com/us/app/eschool-connect/id1056313709 Web Version: https://www.myeschoolhome.com/account/login.html?lang=en&target=%2F
 Section: Overview
 URL: https://web.myeschoolhome.com/products/connect . 

 Text: eSchool Safety Overview: This is a School Safety & Attendance Monitoring | Secure Student Check-ins – eSchool. Always Know They’re Safe. eSchool Safety is a sophisticated mobile application designed for parents to seamlessly track their children's school bus in real-time, providing invaluable peace of mind. Ensure student safety with real-time attendance tracking, secure bus monitoring, and digital check-in systems via the eSchool platform.Keywords: eschool safety, student check-in, school attendance monitoring, student bus tracking, school security system, digital attendance Google Play: https://play.google.com/store/apps/details?id=com.eschool.safety App Store: https://apps.apple.com/us/app/eschool-safety/id1239307419 Web Version: https://www.myeschoolhome.com/account/login.html?lang=en&target=%2F
 Section: Overview
 URL: https://web.myeschoolhome.com/products/safety . 

 Text: Product eSchool Content: Rich digital content library and learning resources. Features: Digital Library. Interactive Content. Resource Sharing
 Section: eSchool Content
 URL: https://web.myeschoolhome.com/products/content . 

 Text: Overview: Contact Us | Get in Touch with eSchool Team. Have questions or need support? Reach out to the eSchool team for product inquiries, partnerships, or customer service assistance. We're here to help. eschool contact, get in touch, school software support, edtech contact, education solutions inquiry, eschool Lebanon.
 Section: Overview
 URL: https://web.myeschoolhome.com/contact . 

 Text: Product eSchool Connect: Seamless communication between parents, teachers, and students. Features: Parent Portal. Teacher Chat. Student Community
 Section: eSchool Connect
 URL: https://web.myeschoolhome.com/products/connect . 

 Text: eSchool Room Overview: This is a Live Online Classes | Virtual Learning Platform – eSchool. Virtual Classroom Platform. It provides a robust platform that engages students with interactive content, and effective educational experience through virtual classroom features. Deliver interactive virtual classes with eSchool Live. Host real-time lessons, share presentations, and engage students in a secure online classroom.Keywords: eschool live class, virtual classroom, online teaching, real-time school classes, digital lessons, remote learning platform Google Play: https://play.google.com/store/apps/details?id=com.eschool.liveclass App Store: https://apps.apple.com/us/app/eschool-rooms/id1585677892 Web Version: https://www.myeschoolhome.com/account/login.html?lang=en&target=%2F
 Section: Overview
 URL: https://web.myeschoolhome.com/products/room . 

 Text: eSchool Gradebook Overview: This is a Online Gradebook System | Real-Time Student Grades – eSchool. Grades Made Smarter. The eSchool Gradebook is an all-in-one digital tool that allows teachers to record, manage, and share student grades in real time. It simplifies grading, supports transparent academic communication, and helps schools maintain accurate performance records effortlessly. Track and manage student performance with eSchool’s Gradebook. Access real-time grades, averages, and assessment reports for transparent academic tracking.Keywords: eschool gradebook, student grades online, digital report card, academic performance tracking, online assessment, school grading system Google Play: https://play.google.com/store/apps/details?id=com.eschool.gradebook App Store: https://apps.apple.com/us/app/eschool-gradebook/id1322901106 Web Version: https://www.myeschoolhome.com/account/login.html?lang=en&target=%2F
 Section: Overview
 URL: https://web.myeschoolhome.com/products/gradebook . 

 Text: Overview: This is a Our Products | Comprehensive School Management Solutions – eSchool. Explore eSchool's suite of digital products designed to streamline education operations—ranging from attendance tracking and grade reporting to financial and communication tools for modern schools.Keywords: eschool products, school software, education technology, attendance system, gradebook software, school financial tools, online school platform, school digital transformation
 Section: Overview
 URL: https://web.myeschoolhome.com/products . 

 Text: eSchool Exams Overview: This is a Exam Management System | Schedule & Track School Exams – eSchool. Digital Examination System. Digital examination system with automated grading and comprehensive exam management features. Organize exams efficiently with eSchool. Plan exam schedules, publish results, and provide students with seamless access to performance feedback.Keywords: eschool exams, exam scheduling, school assessments, student results, online exam platform, exam results management Google Play:  App Store:  Web Version: https://www.myeschoolhome.com/account/login.html?lang=en&target=%2F#/!/home
 Section: Overview
 URL: https://web.myeschoolhome.com/products/exams . 

 Text: Our Journey - Today: Leading Innovation. eSchool company stands as a beacon of educational excellence in the digital realm. With years of innovation and dedication under our belt, we continue to redefine the landscape of learning, adapting to the evolving needs of students and educators alike. Our commitment to providing top-tier digital school services remains unwavering, as we strive to empower learners and facilitate seamless educational experiences. From interactive lessons to collaborative platforms, we remain at the forefront of educational technology, shaping the future of learning with every click and connection.
 Section: Our Journey - Today
 URL: https://web.myeschoolhome.com/about . 

 Text: Product eSchool Agenda: Smart scheduling and calendar management for all school activities. Features: Event Management. Class Scheduling. Deadline Tracking
 Section: eSchool Agenda
 URL: https://web.myeschoolhome.com/products/agenda . 

 Text: Overview: Insights & Articles | Education Technology Blog by eSchool. Read expert insights, guides, and thought leadership articles on digital education, school management, and the future of learning from the eSchool team. eschool blog, education articles, school management tips, edtech blog, digital learning, school leadership, modern education.
 Section: Overview
 URL: https://web.myeschoolhome.com/blog . 

 Text: Product eSchool Safety: Comprehensive security and compliance management. Features: Access Control. Emergency Protocols. Compliance Tracking
 Section: eSchool Safety
 URL: https://web.myeschoolhome.com/products/safety . 

 Text: What Our Clients Say: eSchool is a versatile platform that was able to adopt and transform the learning process from the in class teaching to online teaching in a smooth and effective manner. The platform is comprehensive and covers all aspects of the learning process. Its ability to be a platform where the school can offer online classes , agenda, e-library, online assessment and many other features makes it a must have for today’s education needs. Written by: Dr. Jimmy Choufani, School Principal
 Section: What Our Clients Say
 URL: https://web.myeschoolhome.com/ . 
----------------------------------------
time=2026-01-08 10:35:00
ip=127.0.0.1
user_query=how do parents benefit from eschool services?
stage=decision making
response={
  "category": "related",
  "answer": "",
  "confidence": 1.0
}
embedding_model=embedding-gemma
retrieved_chunks=
----------------------------------------
time=2026-01-08 10:35:05
ip=127.0.0.1
user_query=how do parents benefit from eschool services?
stage=answer generation
response={
  "answer": "Parents benefit from eSchool services through multiple features. eSchool Connect provides seamless communication between parents, teachers, and students, offers a Parent Portal, enables commenting and liking on posts, and facilitates online polls, statistics, and evaluations, allowing parents to review academic performance, attendance records, and provide feedback. eSchool Safety allows parents to track their children's school bus in real-time, view live GPS positions, receive instant arrival alerts, and switch between children from one dashboard. eSchool Agenda empowers parents with real-time insights into their child's attendance, performance, and behavior, providing instant updates and personalized notifications. eSchool Administrator's Learning File automatically notifies parents of behavioral incidents via the eSchool Connect app and provides comprehensive student profiles.",
  "confidence": 1.0
}
embedding_model=embedding-gemma
retrieved_chunks= Text: eSchool Connect: Online Polls, Statistics, Evaluations: It offers parents a seamless experience by allowing effortless access to comprehensive statistical data and polls. This user-friendly platform empowers parents to stay well-informed about their child's educational journey. Through the app, they can efficiently review academic performance metrics, attendance records, and other relevant statistics. Additionally, the inclusion of polls facilitates parent engagement, enabling them to contribute feedback and opinions on various aspects of their child's schooling experience. This collaborative and accessible approach not only keeps parents informed but also actively involves them in supporting and enhancing their child's educational progress.
 Section: Online Polls, Statistics, Evaluations
 URL: https://web.myeschoolhome.com/products/connect . 

 Text: eSchool Connect: Comments, Likes: Parents are given the opportunity to actively participate in the school community through the app's features, allowing them to comment on and express appreciation for various posts. By enabling interactions such as commenting and liking, the app not only facilitates communication but also cultivates a sense of community within the parental network. This engagement not only strengthens the connection between parents and educators but also creates a collaborative atmosphere where shared insights, questions, and positive feedback contribute to a more vibrant and supportive school environment.
 Section: Comments, Likes
 URL: https://web.myeschoolhome.com/products/connect . 

 Text: Product eSchool Connect: Seamless communication between parents, teachers, and students. Features: Parent Portal. Teacher Chat. Student Community
 Section: eSchool Connect
 URL: https://web.myeschoolhome.com/products/connect . 

 Text: eSchool Safety Feature – Easy Tracking for Parents: Parents switch between children from one dashboard, view live GPS positions, and receive instant arrival alerts, delivering peace of mind on every commute.
 Section: Easy Tracking for Parents
 URL: https://web.myeschoolhome.com/products/safety . 

 Text: eSchool Connect Overview: This is a Parent-Teacher Online Communication Platform | eSchool Connect. School Communication. A secure communication platform uniting teachers, parents, and students. Integrated within eSchool LMS and mobile app, it supports smooth, safe communication across your school community. Enhance online communication between parents, students, and teachers with eSchool Connect. Stay updated with messages, announcements, and school updates in real-time.Keywords: eschool connect, parent-teacher communication, school notifications, online school messaging, real-time updates, school announcements Google Play: https://play.google.com/store/apps/details?id=xdk.intel.cordova.eSchoolApp App Store: https://apps.apple.com/us/app/eschool-connect/id1056313709 Web Version: https://www.myeschoolhome.com/account/login.html?lang=en&target=%2F
 Section: Overview
 URL: https://web.myeschoolhome.com/products/connect . 

 Text: eSchool Connect: Posts: Tool that simplifies the exchange of posts between teachers and parents, creating a streamlined platform that enhances the distribution of pertinent information. This fosters efficient communication within the school community, promoting collaboration and engagement between educators and parents for the benefit of the students.
 Section: Posts
 URL: https://web.myeschoolhome.com/products/connect . 

 Text: Why eSchool?: Efficient Report Generation: Streamline your school's reporting process with efficient printing of financial statements, certificates, and grades. Our user-friendly system ensures all requirements are met with speed and accuracy. 24/7 Expert Support: Access round-the-clock expert support and training to ensure prompt service delivery. We address all your questions and inquiries with speed and efficiency, keeping your operations smooth. Seamless User Experience: Enjoy a user-friendly, clear, and intuitive experience designed for educators, students, and parents alike. Our platform makes managing school activities simple and enjoyable. Robust Data Protection: Secure your sensitive school data with our robust protection measures. We ensure secure access control based on job descriptions, safeguarding all stored information. Quality Monitoring & Supervision: Monitor and supervise the educational process to ensure smooth operations and quality control. Track progress and maintain high standards across all school activities. Comprehensive Digital Services: Offer a wide range of online services including student enrollment, online registration, and secure payment of fees. Simplify administrative tasks with our integrated digital platform. Eco-Friendly & Cost-Effective: Reduce costs, burden alleviation, and environmental protection by going paperless. Achieve significant cost savings while contributing to environmental sustainability. Empowering Educators: Equip your teachers with powerful tools for detailed student assessments, attendance management, and behavior tracking. Enhance teaching effectiveness and student engagement.
 Section: Why eSchool?
 URL: https://web.myeschoolhome.com/ . 

 Text: eSchool Administrator Learning File: It facilitates the establishment of a structured framework for documenting both positive and negative behavioral incidents concerning students, aligning each observation with appropriate actions. Upon entry of any behavioral observation for a student, automatic notifications are dispatched to parents via the eSchool connect application. It boasts a comprehensive student profile section, encapsulating all essential information about each student. From academic records to extracurricular activities, attendance, and contact details, parents gain a holistic view of their child's educational journey, fostering informed involvement and support. It assesses prospective students seeking admission, storing all exam information and providing analytical reports to school administrators for informed decision-making.
 Section: Learning File
 URL: https://web.myeschoolhome.com/products/administrator . 

 Text: eSchool is a greatly efficient and user friendly program that allows students to study remotely and enables teachers to continuously communicate and follow up with their students. Additionally, it is important to note the prompt response of the support service at eSchool that never fails to assist whenever any issue is raised. Written by: Dana Fayad Rafei, Financial manager
 Section: What Our Clients Say
 URL: https://web.myeschoolhome.com/ . 

 Text: eSchool Safety Overview: This is a School Safety & Attendance Monitoring | Secure Student Check-ins – eSchool. Always Know They’re Safe. eSchool Safety is a sophisticated mobile application designed for parents to seamlessly track their children's school bus in real-time, providing invaluable peace of mind. Ensure student safety with real-time attendance tracking, secure bus monitoring, and digital check-in systems via the eSchool platform.Keywords: eschool safety, student check-in, school attendance monitoring, student bus tracking, school security system, digital attendance Google Play: https://play.google.com/store/apps/details?id=com.eschool.safety App Store: https://apps.apple.com/us/app/eschool-safety/id1239307419 Web Version: https://www.myeschoolhome.com/account/login.html?lang=en&target=%2F
 Section: Overview
 URL: https://web.myeschoolhome.com/products/safety . 

 Text: Overview: Contact Us | Get in Touch with eSchool Team. Have questions or need support? Reach out to the eSchool team for product inquiries, partnerships, or customer service assistance. We're here to help. eschool contact, get in touch, school software support, edtech contact, education solutions inquiry, eschool Lebanon.
 Section: Overview
 URL: https://web.myeschoolhome.com/contact . 

 Text: Our Journey - 2023: Empowering Education: Now and Beyond. In the present and looking toward the future, eSchool company has forged integration agreements with leading educational companies to enhance our curriculum. These partnerships empower our educational offerings by supplementing the school curriculum presented by teachers in the classroom. Students now have access to a rich array of educational videos directly related to their subjects, allowing them to deepen and reinforce their knowledge. This integration ensures a more comprehensive and engaging learning experience, bridging classroom instruction with high-quality digital content.
 Section: Our Journey - 2023
 URL: https://web.myeschoolhome.com/about . 

 Text: eSchool Agenda: Empowering Parents to Stay Informed.: Empower yourself with real-time insights into your child's academic journey. Our app is more than just a tracking app; it's your partner in understanding and supporting your child's attitude and behavior at school. Receive instant updates on attendance, performance, and behavior, keeping you informed and involved every step of the way. With intuitive features and personalized notifications, you can proactively address any concerns and celebrate achievements together. Stay connected, stay informed, and nurture your child's success with our tracking app.
 Section: Empowering Parents to Stay Informed.
 URL: https://web.myeschoolhome.com/products/agenda . 

 Text: Our Journey - Today: Leading Innovation. eSchool company stands as a beacon of educational excellence in the digital realm. With years of innovation and dedication under our belt, we continue to redefine the landscape of learning, adapting to the evolving needs of students and educators alike. Our commitment to providing top-tier digital school services remains unwavering, as we strive to empower learners and facilitate seamless educational experiences. From interactive lessons to collaborative platforms, we remain at the forefront of educational technology, shaping the future of learning with every click and connection.
 Section: Our Journey - Today
 URL: https://web.myeschoolhome.com/about . 

 Text: What Our Clients Say: eSchool is a versatile platform that was able to adopt and transform the learning process from the in class teaching to online teaching in a smooth and effective manner. The platform is comprehensive and covers all aspects of the learning process. Its ability to be a platform where the school can offer online classes , agenda, e-library, online assessment and many other features makes it a must have for today’s education needs. Written by: Dr. Jimmy Choufani, School Principal
 Section: What Our Clients Say
 URL: https://web.myeschoolhome.com/ . 
----------------------------------------
time=2026-01-08 10:36:00
ip=127.0.0.1
user_query=hello
stage=decision making
response={
  "category": "unrelated",
  "answer": "Hello! How can I assist you with the school management system today?",
  "confidence": 1.0
}
embedding_model=embedding-gemma
retrieved_chunks=
----------------------------------------
time=2026-01-08 10:36:37
ip=127.0.0.1
user_query=what is eschool?
stage=decision making
response={
  "category": "related",
  "answer": "",
  "confidence": 1.0
}
embedding_model=embedding-gemma
retrieved_chunks=
----------------------------------------
time=2026-01-08 10:36:38
ip=127.0.0.1
user_query=what is eschool?
stage=answer generation
response={
  "answer": "eSchool is a comprehensive, AI-powered school management system offering integrated solutions for student enrollment, attendance, grades, communication, and online learning. It is described as a modern school information management system and the preferred choice for educational institutions worldwide.",
  "confidence": 1.0
}
embedding_model=embedding-gemma
retrieved_chunks= Text: eSchool Content Overview: This is a Digital Learning Resources | Upload & Share Educational Content – eSchool. Digital Learning Resources. Rich digital content library and learning resources platform that delivers educational materials—articles, videos, interactive content—to support student learning. Distribute educational materials and digital content through eSchool. Empower teachers and students with access to files, lectures, and multimedia resources.Keywords: eschool content, digital education materials, learning resources, e-learning platform, school content sharing, online lectures Google Play: https://play.google.com/store/apps/details?id=eschool.apps.eschoolshelves App Store: https://apps.apple.com/us/app/eschool-content/id1296241492 Web Version: https://www.myeschoolhome.com/account/login.html?lang=en&target=%2F
 Section: Overview
 URL: https://web.myeschoolhome.com/products/content . 

 Text: eSchool Exams Overview: This is a Exam Management System | Schedule & Track School Exams – eSchool. Digital Examination System. Digital examination system with automated grading and comprehensive exam management features. Organize exams efficiently with eSchool. Plan exam schedules, publish results, and provide students with seamless access to performance feedback.Keywords: eschool exams, exam scheduling, school assessments, student results, online exam platform, exam results management Google Play:  App Store:  Web Version: https://www.myeschoolhome.com/account/login.html?lang=en&target=%2F#/!/home
 Section: Overview
 URL: https://web.myeschoolhome.com/products/exams . 

 Text: Overview: School Events & Updates | eSchool Community Activities. Stay updated with the latest events, workshops, and educational activities happening within the eSchool network. Empowering school communities through engagement and shared experiences. school events, eschool activities, education events, school community, student engagement, workshops, academic calendar.
 Section: Overview
 URL: https://web.myeschoolhome.com/news-events . 

 Text: eSchool Room Overview: This is a Live Online Classes | Virtual Learning Platform – eSchool. Virtual Classroom Platform. It provides a robust platform that engages students with interactive content, and effective educational experience through virtual classroom features. Deliver interactive virtual classes with eSchool Live. Host real-time lessons, share presentations, and engage students in a secure online classroom.Keywords: eschool live class, virtual classroom, online teaching, real-time school classes, digital lessons, remote learning platform Google Play: https://play.google.com/store/apps/details?id=com.eschool.liveclass App Store: https://apps.apple.com/us/app/eschool-rooms/id1585677892 Web Version: https://www.myeschoolhome.com/account/login.html?lang=en&target=%2F
 Section: Overview
 URL: https://web.myeschoolhome.com/products/room . 

 Text: Overview: Insights & Articles | Education Technology Blog by eSchool. Read expert insights, guides, and thought leadership articles on digital education, school management, and the future of learning from the eSchool team. eschool blog, education articles, school management tips, edtech blog, digital learning, school leadership, modern education.
 Section: Overview
 URL: https://web.myeschoolhome.com/blog . 

 Text: Overview: This is a Our Products | Comprehensive School Management Solutions – eSchool. Explore eSchool's suite of digital products designed to streamline education operations—ranging from attendance tracking and grade reporting to financial and communication tools for modern schools.Keywords: eschool products, school software, education technology, attendance system, gradebook software, school financial tools, online school platform, school digital transformation
 Section: Overview
 URL: https://web.myeschoolhome.com/products . 

 Text: eSchool Connect Overview: This is a Parent-Teacher Online Communication Platform | eSchool Connect. School Communication. A secure communication platform uniting teachers, parents, and students. Integrated within eSchool LMS and mobile app, it supports smooth, safe communication across your school community. Enhance online communication between parents, students, and teachers with eSchool Connect. Stay updated with messages, announcements, and school updates in real-time.Keywords: eschool connect, parent-teacher communication, school notifications, online school messaging, real-time updates, school announcements Google Play: https://play.google.com/store/apps/details?id=xdk.intel.cordova.eSchoolApp App Store: https://apps.apple.com/us/app/eschool-connect/id1056313709 Web Version: https://www.myeschoolhome.com/account/login.html?lang=en&target=%2F
 Section: Overview
 URL: https://web.myeschoolhome.com/products/connect . 

 Text: eSchool Gradebook Overview: This is a Online Gradebook System | Real-Time Student Grades – eSchool. Grades Made Smarter. The eSchool Gradebook is an all-in-one digital tool that allows teachers to record, manage, and share student grades in real time. It simplifies grading, supports transparent academic communication, and helps schools maintain accurate performance records effortlessly. Track and manage student performance with eSchool’s Gradebook. Access real-time grades, averages, and assessment reports for transparent academic tracking.Keywords: eschool gradebook, student grades online, digital report card, academic performance tracking, online assessment, school grading system Google Play: https://play.google.com/store/apps/details?id=com.eschool.gradebook App Store: https://apps.apple.com/us/app/eschool-gradebook/id1322901106 Web Version: https://www.myeschoolhome.com/account/login.html?lang=en&target=%2F
 Section: Overview
 URL: https://web.myeschoolhome.com/products/gradebook . 

 Text: eSchool Administrator Overview: This is a School Administration Platform | eSchool Administrator. Complete School Management. It centralizes administrative tasks, financial tracking, and educational content, fostering a cohesive and organized environment for effective school management. Centralize administrative tasks, financial tracking, and content management with eSchool Administrator.Keywords: eschool administrator, school management, financial tracking, content management Google Play:  App Store:  Web Version:
 Section: Overview
 URL: https://web.myeschoolhome.com/products/administrator . 

 Text: Product eSchool Content: Rich digital content library and learning resources. Features: Digital Library. Interactive Content. Resource Sharing
 Section: eSchool Content
 URL: https://web.myeschoolhome.com/products/content . 

 Text: Description: eSchool Portal | Modern School Information Management System. eSchool the preferred choice for educational institutions worldwide. eSchool Portal is a comprehensive, AI-powered school management system offering integrated solutions for student enrollment, attendance, grades, communication, and online learning. Empower your educational institution with our user-friendly platform. Keywords: eSchool Portal, school management system, student information system, AI-powered education, online learning platform, school ERP, digital classrooms, education technology, school administration software, eSchool Lebanon.
 Section: Description
 URL: https://web.myeschoolhome.com/ . 

 Text: eSchool Safety Overview: This is a School Safety & Attendance Monitoring | Secure Student Check-ins – eSchool. Always Know They’re Safe. eSchool Safety is a sophisticated mobile application designed for parents to seamlessly track their children's school bus in real-time, providing invaluable peace of mind. Ensure student safety with real-time attendance tracking, secure bus monitoring, and digital check-in systems via the eSchool platform.Keywords: eschool safety, student check-in, school attendance monitoring, student bus tracking, school security system, digital attendance Google Play: https://play.google.com/store/apps/details?id=com.eschool.safety App Store: https://apps.apple.com/us/app/eschool-safety/id1239307419 Web Version: https://www.myeschoolhome.com/account/login.html?lang=en&target=%2F
 Section: Overview
 URL: https://web.myeschoolhome.com/products/safety . 

 Text: Product eSchool Exams: Digital examination system with automated grading. Features: Online Testing. Auto Grading. Result Analytics
 Section: eSchool Exams
 URL: https://web.myeschoolhome.com/products/exams . 

 Text: eSchool Agenda Overview: This is a Smart School Scheduling | eSchool Agenda. A Paperless Agenda. Organize assignments, deadlines, and live classes all in one eco-friendly planner. Manage school events, classes, and deadlines efficiently with eSchool Agenda.Keywords: eschool agenda, school calendar, event management, scheduling, deadline tracking Google Play: https://play.google.com/store/apps/details?id=com.eschool.agenda App Store: https://apps.apple.com/us/app/eschool-agenda/id1434284896 Web Version: https://www.myeschoolhome.com/account/login.html?lang=en&target=%2F
 Section: Overview
 URL: https://web.myeschoolhome.com/products/agenda . 

 Text: Product eSchool Connect: Seamless communication between parents, teachers, and students. Features: Parent Portal. Teacher Chat. Student Community
 Section: eSchool Connect
 URL: https://web.myeschoolhome.com/products/connect . 
----------------------------------------
time=2026-01-08 10:37:04
ip=127.0.0.1
user_query=what products does eschool offer?
stage=decision making
response={
  "category": "related",
  "answer": "",
  "confidence": 1.0
}
embedding_model=embedding-gemma
retrieved_chunks=
----------------------------------------
time=2026-01-08 10:37:05
ip=127.0.0.1
user_query=what products does eschool offer?
stage=answer generation
response={
  "answer": "eSchool offers the following products: eSchool Content (digital learning resources), eSchool Exams (digital examination system), eSchool Room (virtual classroom platform), eSchool Connect (communication tools), eSchool Gradebook (grade management), eSchool Agenda (scheduling), eSchool Administrator (administrative tasks), and eSchool Safety (security management).",
  "confidence": 1.0
}
embedding_model=embedding-gemma
retrieved_chunks= Text: Overview: This is a Our Products | Comprehensive School Management Solutions – eSchool. Explore eSchool's suite of digital products designed to streamline education operations—ranging from attendance tracking and grade reporting to financial and communication tools for modern schools.Keywords: eschool products, school software, education technology, attendance system, gradebook software, school financial tools, online school platform, school digital transformation
 Section: Overview
 URL: https://web.myeschoolhome.com/products . 

 Text: Product eSchool Content: Rich digital content library and learning resources. Features: Digital Library. Interactive Content. Resource Sharing
 Section: eSchool Content
 URL: https://web.myeschoolhome.com/products/content . 

 Text: eSchool Content Overview: This is a Digital Learning Resources | Upload & Share Educational Content – eSchool. Digital Learning Resources. Rich digital content library and learning resources platform that delivers educational materials—articles, videos, interactive content—to support student learning. Distribute educational materials and digital content through eSchool. Empower teachers and students with access to files, lectures, and multimedia resources.Keywords: eschool content, digital education materials, learning resources, e-learning platform, school content sharing, online lectures Google Play: https://play.google.com/store/apps/details?id=eschool.apps.eschoolshelves App Store: https://apps.apple.com/us/app/eschool-content/id1296241492 Web Version: https://www.myeschoolhome.com/account/login.html?lang=en&target=%2F
 Section: Overview
 URL: https://web.myeschoolhome.com/products/content . 

 Text: Product eSchool Exams: Digital examination system with automated grading. Features: Online Testing. Auto Grading. Result Analytics
 Section: eSchool Exams
 URL: https://web.myeschoolhome.com/products/exams . 

 Text: Product eSchool Room: It provides a robust platform that engages students with interactive content, and effective educational experience.. Features: Interactive Content. Student Engagement. Educational Experience
 Section: eSchool Room
 URL: https://web.myeschoolhome.com/products/room . 

 Text: Product eSchool Connect: Seamless communication between parents, teachers, and students. Features: Parent Portal. Teacher Chat. Student Community
 Section: eSchool Connect
 URL: https://web.myeschoolhome.com/products/connect . 

 Text: Overview: Contact Us | Get in Touch with eSchool Team. Have questions or need support? Reach out to the eSchool team for product inquiries, partnerships, or customer service assistance. We're here to help. eschool contact, get in touch, school software support, edtech contact, education solutions inquiry, eschool Lebanon.
 Section: Overview
 URL: https://web.myeschoolhome.com/contact . 

 Text: Product eSchool Gradebook: Comprehensive grade management and progress tracking. Features: Grade Analytics. Progress Reports. Assessment Tools
 Section: eSchool Gradebook
 URL: https://web.myeschoolhome.com/products/gradebook . 

 Text: Product eSchool Agenda: Smart scheduling and calendar management for all school activities. Features: Event Management. Class Scheduling. Deadline Tracking
 Section: eSchool Agenda
 URL: https://web.myeschoolhome.com/products/agenda . 

 Text: Our Journey - 2023: Empowering Education: Now and Beyond. In the present and looking toward the future, eSchool company has forged integration agreements with leading educational companies to enhance our curriculum. These partnerships empower our educational offerings by supplementing the school curriculum presented by teachers in the classroom. Students now have access to a rich array of educational videos directly related to their subjects, allowing them to deepen and reinforce their knowledge. This integration ensures a more comprehensive and engaging learning experience, bridging classroom instruction with high-quality digital content.
 Section: Our Journey - 2023
 URL: https://web.myeschoolhome.com/about . 

 Text: Product eSchool Administrator: It centralizes administrative tasks, financial tracking, and educational content, fostering a cohesive and organized environment for effective school management.. Features: Administrative Tasks. Financial Tracking. Content Management
 Section: eSchool Administrator
 URL: https://web.myeschoolhome.com/products/administrator . 

 Text: Product eSchool Safety: Comprehensive security and compliance management. Features: Access Control. Emergency Protocols. Compliance Tracking
 Section: eSchool Safety
 URL: https://web.myeschoolhome.com/products/safety . 

 Text: eSchool Room Overview: This is a Live Online Classes | Virtual Learning Platform – eSchool. Virtual Classroom Platform. It provides a robust platform that engages students with interactive content, and effective educational experience through virtual classroom features. Deliver interactive virtual classes with eSchool Live. Host real-time lessons, share presentations, and engage students in a secure online classroom.Keywords: eschool live class, virtual classroom, online teaching, real-time school classes, digital lessons, remote learning platform Google Play: https://play.google.com/store/apps/details?id=com.eschool.liveclass App Store: https://apps.apple.com/us/app/eschool-rooms/id1585677892 Web Version: https://www.myeschoolhome.com/account/login.html?lang=en&target=%2F
 Section: Overview
 URL: https://web.myeschoolhome.com/products/room . 

 Text: Overview: Insights & Articles | Education Technology Blog by eSchool. Read expert insights, guides, and thought leadership articles on digital education, school management, and the future of learning from the eSchool team. eschool blog, education articles, school management tips, edtech blog, digital learning, school leadership, modern education.
 Section: Overview
 URL: https://web.myeschoolhome.com/blog . 

 Text: eSchool Exams Overview: This is a Exam Management System | Schedule & Track School Exams – eSchool. Digital Examination System. Digital examination system with automated grading and comprehensive exam management features. Organize exams efficiently with eSchool. Plan exam schedules, publish results, and provide students with seamless access to performance feedback.Keywords: eschool exams, exam scheduling, school assessments, student results, online exam platform, exam results management Google Play:  App Store:  Web Version: https://www.myeschoolhome.com/account/login.html?lang=en&target=%2F#/!/home
 Section: Overview
 URL: https://web.myeschoolhome.com/products/exams . 
----------------------------------------
time=2026-01-08 10:40:09
ip=127.0.0.1
user_query=where is the company located?
stage=decision making
response={
  "category": "unrelated",
  "answer": "I'm sorry, I can only assist with questions about the features and usage of the school management system.",
  "confidence": 1.0
}
embedding_model=embedding-gemma
retrieved_chunks=
----------------------------------------
time=2026-01-08 10:40:36
ip=127.0.0.1
user_query=hello
stage=decision making
response={
  "category": "unrelated",
  "answer": "Hello! How can I assist you with the school management system today?",
  "confidence": 1.0
}
embedding_model=embedding-gemma
retrieved_chunks=
----------------------------------------
time=2026-01-08 10:40:52
ip=127.0.0.1
user_query=what is eschool?
stage=decision making
response={
  "category": "related",
  "answer": "",
  "confidence": 1.0
}
embedding_model=embedding-gemma
retrieved_chunks=
----------------------------------------
time=2026-01-08 10:40:54
ip=127.0.0.1
user_query=what is eschool?
stage=answer generation
response={
  "answer": "eSchool is a comprehensive, AI-powered school management system that offers integrated solutions for student enrollment, attendance, grades, communication, and online learning. It is a modern school information management system and the preferred choice for educational institutions worldwide.",
  "confidence": 1.0
}
embedding_model=embedding-gemma
retrieved_chunks= Text: eSchool Content Overview: This is a Digital Learning Resources | Upload & Share Educational Content – eSchool. Digital Learning Resources. Rich digital content library and learning resources platform that delivers educational materials—articles, videos, interactive content—to support student learning. Distribute educational materials and digital content through eSchool. Empower teachers and students with access to files, lectures, and multimedia resources.Keywords: eschool content, digital education materials, learning resources, e-learning platform, school content sharing, online lectures Google Play: https://play.google.com/store/apps/details?id=eschool.apps.eschoolshelves App Store: https://apps.apple.com/us/app/eschool-content/id1296241492 Web Version: https://www.myeschoolhome.com/account/login.html?lang=en&target=%2F
 Section: Overview
 URL: https://web.myeschoolhome.com/products/content . 

 Text: eSchool Exams Overview: This is a Exam Management System | Schedule & Track School Exams – eSchool. Digital Examination System. Digital examination system with automated grading and comprehensive exam management features. Organize exams efficiently with eSchool. Plan exam schedules, publish results, and provide students with seamless access to performance feedback.Keywords: eschool exams, exam scheduling, school assessments, student results, online exam platform, exam results management Google Play:  App Store:  Web Version: https://www.myeschoolhome.com/account/login.html?lang=en&target=%2F#/!/home
 Section: Overview
 URL: https://web.myeschoolhome.com/products/exams . 

 Text: Overview: School Events & Updates | eSchool Community Activities. Stay updated with the latest events, workshops, and educational activities happening within the eSchool network. Empowering school communities through engagement and shared experiences. school events, eschool activities, education events, school community, student engagement, workshops, academic calendar.
 Section: Overview
 URL: https://web.myeschoolhome.com/news-events . 

 Text: eSchool Room Overview: This is a Live Online Classes | Virtual Learning Platform – eSchool. Virtual Classroom Platform. It provides a robust platform that engages students with interactive content, and effective educational experience through virtual classroom features. Deliver interactive virtual classes with eSchool Live. Host real-time lessons, share presentations, and engage students in a secure online classroom.Keywords: eschool live class, virtual classroom, online teaching, real-time school classes, digital lessons, remote learning platform Google Play: https://play.google.com/store/apps/details?id=com.eschool.liveclass App Store: https://apps.apple.com/us/app/eschool-rooms/id1585677892 Web Version: https://www.myeschoolhome.com/account/login.html?lang=en&target=%2F
 Section: Overview
 URL: https://web.myeschoolhome.com/products/room . 

 Text: Overview: Insights & Articles | Education Technology Blog by eSchool. Read expert insights, guides, and thought leadership articles on digital education, school management, and the future of learning from the eSchool team. eschool blog, education articles, school management tips, edtech blog, digital learning, school leadership, modern education.
 Section: Overview
 URL: https://web.myeschoolhome.com/blog . 

 Text: Overview: This is a Our Products | Comprehensive School Management Solutions – eSchool. Explore eSchool's suite of digital products designed to streamline education operations—ranging from attendance tracking and grade reporting to financial and communication tools for modern schools.Keywords: eschool products, school software, education technology, attendance system, gradebook software, school financial tools, online school platform, school digital transformation
 Section: Overview
 URL: https://web.myeschoolhome.com/products . 

 Text: eSchool Connect Overview: This is a Parent-Teacher Online Communication Platform | eSchool Connect. School Communication. A secure communication platform uniting teachers, parents, and students. Integrated within eSchool LMS and mobile app, it supports smooth, safe communication across your school community. Enhance online communication between parents, students, and teachers with eSchool Connect. Stay updated with messages, announcements, and school updates in real-time.Keywords: eschool connect, parent-teacher communication, school notifications, online school messaging, real-time updates, school announcements Google Play: https://play.google.com/store/apps/details?id=xdk.intel.cordova.eSchoolApp App Store: https://apps.apple.com/us/app/eschool-connect/id1056313709 Web Version: https://www.myeschoolhome.com/account/login.html?lang=en&target=%2F
 Section: Overview
 URL: https://web.myeschoolhome.com/products/connect . 

 Text: eSchool Gradebook Overview: This is a Online Gradebook System | Real-Time Student Grades – eSchool. Grades Made Smarter. The eSchool Gradebook is an all-in-one digital tool that allows teachers to record, manage, and share student grades in real time. It simplifies grading, supports transparent academic communication, and helps schools maintain accurate performance records effortlessly. Track and manage student performance with eSchool’s Gradebook. Access real-time grades, averages, and assessment reports for transparent academic tracking.Keywords: eschool gradebook, student grades online, digital report card, academic performance tracking, online assessment, school grading system Google Play: https://play.google.com/store/apps/details?id=com.eschool.gradebook App Store: https://apps.apple.com/us/app/eschool-gradebook/id1322901106 Web Version: https://www.myeschoolhome.com/account/login.html?lang=en&target=%2F
 Section: Overview
 URL: https://web.myeschoolhome.com/products/gradebook . 

 Text: eSchool Administrator Overview: This is a School Administration Platform | eSchool Administrator. Complete School Management. It centralizes administrative tasks, financial tracking, and educational content, fostering a cohesive and organized environment for effective school management. Centralize administrative tasks, financial tracking, and content management with eSchool Administrator.Keywords: eschool administrator, school management, financial tracking, content management Google Play:  App Store:  Web Version:
 Section: Overview
 URL: https://web.myeschoolhome.com/products/administrator . 

 Text: Product eSchool Content: Rich digital content library and learning resources. Features: Digital Library. Interactive Content. Resource Sharing
 Section: eSchool Content
 URL: https://web.myeschoolhome.com/products/content . 

 Text: Description: eSchool Portal | Modern School Information Management System. eSchool the preferred choice for educational institutions worldwide. eSchool Portal is a comprehensive, AI-powered school management system offering integrated solutions for student enrollment, attendance, grades, communication, and online learning. Empower your educational institution with our user-friendly platform. Keywords: eSchool Portal, school management system, student information system, AI-powered education, online learning platform, school ERP, digital classrooms, education technology, school administration software, eSchool Lebanon.
 Section: Description
 URL: https://web.myeschoolhome.com/ . 

 Text: eSchool Safety Overview: This is a School Safety & Attendance Monitoring | Secure Student Check-ins – eSchool. Always Know They’re Safe. eSchool Safety is a sophisticated mobile application designed for parents to seamlessly track their children's school bus in real-time, providing invaluable peace of mind. Ensure student safety with real-time attendance tracking, secure bus monitoring, and digital check-in systems via the eSchool platform.Keywords: eschool safety, student check-in, school attendance monitoring, student bus tracking, school security system, digital attendance Google Play: https://play.google.com/store/apps/details?id=com.eschool.safety App Store: https://apps.apple.com/us/app/eschool-safety/id1239307419 Web Version: https://www.myeschoolhome.com/account/login.html?lang=en&target=%2F
 Section: Overview
 URL: https://web.myeschoolhome.com/products/safety . 

 Text: Product eSchool Exams: Digital examination system with automated grading. Features: Online Testing. Auto Grading. Result Analytics
 Section: eSchool Exams
 URL: https://web.myeschoolhome.com/products/exams . 

 Text: eSchool Agenda Overview: This is a Smart School Scheduling | eSchool Agenda. A Paperless Agenda. Organize assignments, deadlines, and live classes all in one eco-friendly planner. Manage school events, classes, and deadlines efficiently with eSchool Agenda.Keywords: eschool agenda, school calendar, event management, scheduling, deadline tracking Google Play: https://play.google.com/store/apps/details?id=com.eschool.agenda App Store: https://apps.apple.com/us/app/eschool-agenda/id1434284896 Web Version: https://www.myeschoolhome.com/account/login.html?lang=en&target=%2F
 Section: Overview
 URL: https://web.myeschoolhome.com/products/agenda . 

 Text: Product eSchool Connect: Seamless communication between parents, teachers, and students. Features: Parent Portal. Teacher Chat. Student Community
 Section: eSchool Connect
 URL: https://web.myeschoolhome.com/products/connect . 
----------------------------------------
time=2026-01-08 10:41:37
ip=127.0.0.1
user_query=what products does eschool offer?
stage=decision making
response={
  "category": "related",
  "answer": "",
  "confidence": 1.0
}
embedding_model=embedding-gemma
retrieved_chunks=
----------------------------------------
time=2026-01-08 10:41:40
ip=127.0.0.1
user_query=what products does eschool offer?
stage=answer generation
response={
  "answer": "eSchool offers a suite of digital products including: eSchool Content (digital learning resources), eSchool Exams (digital examination system), eSchool Room (virtual classroom platform), eSchool Connect (communication tools), eSchool Gradebook (grade management), eSchool Agenda (scheduling), eSchool Administrator (administrative tasks), and eSchool Safety (security and compliance).",
  "confidence": 1.0
}
embedding_model=embedding-gemma
retrieved_chunks= Text: Overview: This is a Our Products | Comprehensive School Management Solutions – eSchool. Explore eSchool's suite of digital products designed to streamline education operations—ranging from attendance tracking and grade reporting to financial and communication tools for modern schools.Keywords: eschool products, school software, education technology, attendance system, gradebook software, school financial tools, online school platform, school digital transformation
 Section: Overview
 URL: https://web.myeschoolhome.com/products . 

 Text: Product eSchool Content: Rich digital content library and learning resources. Features: Digital Library. Interactive Content. Resource Sharing
 Section: eSchool Content
 URL: https://web.myeschoolhome.com/products/content . 

 Text: eSchool Content Overview: This is a Digital Learning Resources | Upload & Share Educational Content – eSchool. Digital Learning Resources. Rich digital content library and learning resources platform that delivers educational materials—articles, videos, interactive content—to support student learning. Distribute educational materials and digital content through eSchool. Empower teachers and students with access to files, lectures, and multimedia resources.Keywords: eschool content, digital education materials, learning resources, e-learning platform, school content sharing, online lectures Google Play: https://play.google.com/store/apps/details?id=eschool.apps.eschoolshelves App Store: https://apps.apple.com/us/app/eschool-content/id1296241492 Web Version: https://www.myeschoolhome.com/account/login.html?lang=en&target=%2F
 Section: Overview
 URL: https://web.myeschoolhome.com/products/content . 

 Text: Product eSchool Exams: Digital examination system with automated grading. Features: Online Testing. Auto Grading. Result Analytics
 Section: eSchool Exams
 URL: https://web.myeschoolhome.com/products/exams . 

 Text: Product eSchool Room: It provides a robust platform that engages students with interactive content, and effective educational experience.. Features: Interactive Content. Student Engagement. Educational Experience
 Section: eSchool Room
 URL: https://web.myeschoolhome.com/products/room . 

 Text: Product eSchool Connect: Seamless communication between parents, teachers, and students. Features: Parent Portal. Teacher Chat. Student Community
 Section: eSchool Connect
 URL: https://web.myeschoolhome.com/products/connect . 

 Text: Overview: Contact Us | Get in Touch with eSchool Team. Have questions or need support? Reach out to the eSchool team for product inquiries, partnerships, or customer service assistance. We're here to help. eschool contact, get in touch, school software support, edtech contact, education solutions inquiry, eschool Lebanon.
 Section: Overview
 URL: https://web.myeschoolhome.com/contact . 

 Text: Product eSchool Gradebook: Comprehensive grade management and progress tracking. Features: Grade Analytics. Progress Reports. Assessment Tools
 Section: eSchool Gradebook
 URL: https://web.myeschoolhome.com/products/gradebook . 

 Text: Product eSchool Agenda: Smart scheduling and calendar management for all school activities. Features: Event Management. Class Scheduling. Deadline Tracking
 Section: eSchool Agenda
 URL: https://web.myeschoolhome.com/products/agenda . 

 Text: Our Journey - 2023: Empowering Education: Now and Beyond. In the present and looking toward the future, eSchool company has forged integration agreements with leading educational companies to enhance our curriculum. These partnerships empower our educational offerings by supplementing the school curriculum presented by teachers in the classroom. Students now have access to a rich array of educational videos directly related to their subjects, allowing them to deepen and reinforce their knowledge. This integration ensures a more comprehensive and engaging learning experience, bridging classroom instruction with high-quality digital content.
 Section: Our Journey - 2023
 URL: https://web.myeschoolhome.com/about . 

 Text: Product eSchool Administrator: It centralizes administrative tasks, financial tracking, and educational content, fostering a cohesive and organized environment for effective school management.. Features: Administrative Tasks. Financial Tracking. Content Management
 Section: eSchool Administrator
 URL: https://web.myeschoolhome.com/products/administrator . 

 Text: Product eSchool Safety: Comprehensive security and compliance management. Features: Access Control. Emergency Protocols. Compliance Tracking
 Section: eSchool Safety
 URL: https://web.myeschoolhome.com/products/safety . 

 Text: eSchool Room Overview: This is a Live Online Classes | Virtual Learning Platform – eSchool. Virtual Classroom Platform. It provides a robust platform that engages students with interactive content, and effective educational experience through virtual classroom features. Deliver interactive virtual classes with eSchool Live. Host real-time lessons, share presentations, and engage students in a secure online classroom.Keywords: eschool live class, virtual classroom, online teaching, real-time school classes, digital lessons, remote learning platform Google Play: https://play.google.com/store/apps/details?id=com.eschool.liveclass App Store: https://apps.apple.com/us/app/eschool-rooms/id1585677892 Web Version: https://www.myeschoolhome.com/account/login.html?lang=en&target=%2F
 Section: Overview
 URL: https://web.myeschoolhome.com/products/room . 

 Text: Overview: Insights & Articles | Education Technology Blog by eSchool. Read expert insights, guides, and thought leadership articles on digital education, school management, and the future of learning from the eSchool team. eschool blog, education articles, school management tips, edtech blog, digital learning, school leadership, modern education.
 Section: Overview
 URL: https://web.myeschoolhome.com/blog . 

 Text: eSchool Exams Overview: This is a Exam Management System | Schedule & Track School Exams – eSchool. Digital Examination System. Digital examination system with automated grading and comprehensive exam management features. Organize exams efficiently with eSchool. Plan exam schedules, publish results, and provide students with seamless access to performance feedback.Keywords: eschool exams, exam scheduling, school assessments, student results, online exam platform, exam results management Google Play:  App Store:  Web Version: https://www.myeschoolhome.com/account/login.html?lang=en&target=%2F#/!/home
 Section: Overview
 URL: https://web.myeschoolhome.com/products/exams . 
----------------------------------------
