time=2026-01-09 11:39:24
ip=127.0.0.1
user_query=hello
stage=decision making
response={
  "category": "unrelated",
  "answer": "Hello! How can I assist you with the school management system today?",
  "confidence": 1.0
}
embedding_model=C:\Users\ADMIN\Documents\GitHub\eschool-chatbot-main\embeddinggemma-300m
collection_name=docs
retrieved_chunks=
----------------------------------------
time=2026-01-09 11:39:42
ip=127.0.0.1
user_query=what is eschool
stage=decision making
response={
  "category": "related",
  "answer": "",
  "confidence": 0.95
}
embedding_model=C:\Users\ADMIN\Documents\GitHub\eschool-chatbot-main\embeddinggemma-300m
collection_name=docs
retrieved_chunks=
----------------------------------------
time=2026-01-09 11:39:44
ip=127.0.0.1
user_query=what is eschool
stage=answer generation
response={
  "answer": "eSchool is a comprehensive, AI-powered school management system offering integrated solutions for student enrollment, attendance, grades, communication, and online learning. It is a platform that delivers educational materials and provides a suite of digital products designed to streamline education operations, including a virtual classroom platform, a parent-teacher communication platform, a digital gradebook system, an exam management system, a school administration platform, and a safety monitoring application.",
  "confidence": 1.0
}
embedding_model=C:\Users\ADMIN\Documents\GitHub\eschool-chatbot-main\embeddinggemma-300m
collection_name=docs
retrieved_chunks= Text: eSchool Content Overview: This is a Digital Learning Resources | Upload & Share Educational Content – eSchool. Digital Learning Resources. Rich digital content library and learning resources platform that delivers educational materials—articles, videos, interactive content—to support student learning. Distribute educational materials and digital content through eSchool. Empower teachers and students with access to files, lectures, and multimedia resources.Keywords: eschool content, digital education materials, learning resources, e-learning platform, school content sharing, online lectures Google Play: https://play.google.com/store/apps/details?id=eschool.apps.eschoolshelves App Store: https://apps.apple.com/us/app/eschool-content/id1296241492 Web Version: https://www.myeschoolhome.com/account/login.html?lang=en&target=%2F
 Section: Overview
 URL: https://web.myeschoolhome.com/products/content . 

 Text: eSchool Exams Overview: This is a Exam Management System | Schedule & Track School Exams – eSchool. Digital Examination System. Digital examination system with automated grading and comprehensive exam management features. Organize exams efficiently with eSchool. Plan exam schedules, publish results, and provide students with seamless access to performance feedback.Keywords: eschool exams, exam scheduling, school assessments, student results, online exam platform, exam results management Google Play:  App Store:  Web Version: https://www.myeschoolhome.com/account/login.html?lang=en&target=%2F#/!/home
 Section: Overview
 URL: https://web.myeschoolhome.com/products/exams . 

 Text: Overview: Insights & Articles | Education Technology Blog by eSchool. Read expert insights, guides, and thought leadership articles on digital education, school management, and the future of learning from the eSchool team. eschool blog, education articles, school management tips, edtech blog, digital learning, school leadership, modern education.
 Section: Overview
 URL: https://web.myeschoolhome.com/blog . 

 Text: Overview: This is a Our Products | Comprehensive School Management Solutions – eSchool. Explore eSchool's suite of digital products designed to streamline education operations—ranging from attendance tracking and grade reporting to financial and communication tools for modern schools.Keywords: eschool products, school software, education technology, attendance system, gradebook software, school financial tools, online school platform, school digital transformation
 Section: Overview
 URL: https://web.myeschoolhome.com/products . 

 Text: Overview: School Events & Updates | eSchool Community Activities. Stay updated with the latest events, workshops, and educational activities happening within the eSchool network. Empowering school communities through engagement and shared experiences. school events, eschool activities, education events, school community, student engagement, workshops, academic calendar.
 Section: Overview
 URL: https://web.myeschoolhome.com/news-events . 

 Text: eSchool Room Overview: This is a Live Online Classes | Virtual Learning Platform – eSchool. Virtual Classroom Platform. It provides a robust platform that engages students with interactive content, and effective educational experience through virtual classroom features. Deliver interactive virtual classes with eSchool Live. Host real-time lessons, share presentations, and engage students in a secure online classroom.Keywords: eschool live class, virtual classroom, online teaching, real-time school classes, digital lessons, remote learning platform Google Play: https://play.google.com/store/apps/details?id=com.eschool.liveclass App Store: https://apps.apple.com/us/app/eschool-rooms/id1585677892 Web Version: https://www.myeschoolhome.com/account/login.html?lang=en&target=%2F
 Section: Overview
 URL: https://web.myeschoolhome.com/products/room . 

 Text: eSchool Connect Overview: This is a Parent-Teacher Online Communication Platform | eSchool Connect. School Communication. A secure communication platform uniting teachers, parents, and students. Integrated within eSchool LMS and mobile app, it supports smooth, safe communication across your school community. Enhance online communication between parents, students, and teachers with eSchool Connect. Stay updated with messages, announcements, and school updates in real-time.Keywords: eschool connect, parent-teacher communication, school notifications, online school messaging, real-time updates, school announcements Google Play: https://play.google.com/store/apps/details?id=xdk.intel.cordova.eSchoolApp App Store: https://apps.apple.com/us/app/eschool-connect/id1056313709 Web Version: https://www.myeschoolhome.com/account/login.html?lang=en&target=%2F
 Section: Overview
 URL: https://web.myeschoolhome.com/products/connect . 

 Text: eSchool Gradebook Overview: This is a Online Gradebook System | Real-Time Student Grades – eSchool. Grades Made Smarter. The eSchool Gradebook is an all-in-one digital tool that allows teachers to record, manage, and share student grades in real time. It simplifies grading, supports transparent academic communication, and helps schools maintain accurate performance records effortlessly. Track and manage student performance with eSchool’s Gradebook. Access real-time grades, averages, and assessment reports for transparent academic tracking.Keywords: eschool gradebook, student grades online, digital report card, academic performance tracking, online assessment, school grading system Google Play: https://play.google.com/store/apps/details?id=com.eschool.gradebook App Store: https://apps.apple.com/us/app/eschool-gradebook/id1322901106 Web Version: https://www.myeschoolhome.com/account/login.html?lang=en&target=%2F
 Section: Overview
 URL: https://web.myeschoolhome.com/products/gradebook . 

 Text: eSchool Administrator Overview: This is a School Administration Platform | eSchool Administrator. Complete School Management. It centralizes administrative tasks, financial tracking, and educational content, fostering a cohesive and organized environment for effective school management. Centralize administrative tasks, financial tracking, and content management with eSchool Administrator.Keywords: eschool administrator, school management, financial tracking, content management Google Play:  App Store:  Web Version:
 Section: Overview
 URL: https://web.myeschoolhome.com/products/administrator . 

 Text: Product eSchool Content: Rich digital content library and learning resources. Features: Digital Library. Interactive Content. Resource Sharing
 Section: eSchool Content
 URL: https://web.myeschoolhome.com/products/content . 

 Text: Description: eSchool Portal | Modern School Information Management System. eSchool the preferred choice for educational institutions worldwide. eSchool Portal is a comprehensive, AI-powered school management system offering integrated solutions for student enrollment, attendance, grades, communication, and online learning. Empower your educational institution with our user-friendly platform. Keywords: eSchool Portal, school management system, student information system, AI-powered education, online learning platform, school ERP, digital classrooms, education technology, school administration software, eSchool Lebanon.
 Section: Description
 URL: https://web.myeschoolhome.com/ . 

 Text: eSchool Safety Overview: This is a School Safety & Attendance Monitoring | Secure Student Check-ins – eSchool. Always Know They’re Safe. eSchool Safety is a sophisticated mobile application designed for parents to seamlessly track their children's school bus in real-time, providing invaluable peace of mind. Ensure student safety with real-time attendance tracking, secure bus monitoring, and digital check-in systems via the eSchool platform.Keywords: eschool safety, student check-in, school attendance monitoring, student bus tracking, school security system, digital attendance Google Play: https://play.google.com/store/apps/details?id=com.eschool.safety App Store: https://apps.apple.com/us/app/eschool-safety/id1239307419 Web Version: https://www.myeschoolhome.com/account/login.html?lang=en&target=%2F
 Section: Overview
 URL: https://web.myeschoolhome.com/products/safety . 

 Text: Our Journey - Today: Leading Innovation. eSchool company stands as a beacon of educational excellence in the digital realm. With years of innovation and dedication under our belt, we continue to redefine the landscape of learning, adapting to the evolving needs of students and educators alike. Our commitment to providing top-tier digital school services remains unwavering, as we strive to empower learners and facilitate seamless educational experiences. From interactive lessons to collaborative platforms, we remain at the forefront of educational technology, shaping the future of learning with every click and connection.
 Section: Our Journey - Today
 URL: https://web.myeschoolhome.com/about . 

 Text: Overview: Contact Us | Get in Touch with eSchool Team. Have questions or need support? Reach out to the eSchool team for product inquiries, partnerships, or customer service assistance. We're here to help. eschool contact, get in touch, school software support, edtech contact, education solutions inquiry, eschool Lebanon.
 Section: Overview
 URL: https://web.myeschoolhome.com/contact . 

 Text: Product eSchool Exams: Digital examination system with automated grading. Features: Online Testing. Auto Grading. Result Analytics
 Section: eSchool Exams
 URL: https://web.myeschoolhome.com/products/exams . 
----------------------------------------
time=2026-01-09 11:40:45
ip=127.0.0.1
user_query=hello
stage=decision making
response={
  "category": "unrelated",
  "answer": "مرحباً! كيف يمكنني مساعدتك في نظام إدارة المدرسة اليوم؟",
  "confidence": 1.0
}
embedding_model=C:\Users\ADMIN\Documents\GitHub\eschool-chatbot-main\embeddinggemma-300m
collection_name=arabic_docs
retrieved_chunks=
----------------------------------------
time=2026-01-09 11:41:29
ip=127.0.0.1
user_query=ما هو نظام ايسكول؟
stage=decision making
response=```json
{
  "category": "related",
  "answer": "",
  "confidence": 0.9
}
```
embedding_model=C:\Users\ADMIN\Documents\GitHub\eschool-chatbot-main\embeddinggemma-300m
collection_name=arabic_docs
retrieved_chunks=
----------------------------------------
time=2026-01-09 11:41:32
ip=127.0.0.1
user_query=ما هو نظام ايسكول؟
stage=answer generation
response={
  "answer": "نظام إيسكول (eSchool) هو بوابة (Portal) متكاملة لإدارة المدارس. إنه نظام شامل لإدارة المدارس (School Management System) مدعوم بالذكاء الاصطناعي (AI-powered) يقدم حلولاً للتسجيل الطلابي (student enrollment)، والحضور (attendance)، والدرجات (grades)، والتواصل (communication)، والتعليم عبر الإنترنت (online learning).",
  "confidence": 1.0
}
embedding_model=C:\Users\ADMIN\Documents\GitHub\eschool-chatbot-main\embeddinggemma-300m
collection_name=arabic_docs
retrieved_chunks= Text: Certainly. Here is the translation of the provided text into clear, accurate Modern Standard Arabic, adhering to all the specified requirements.

**النص المترجم:**

نظرة عامة على امتحانات إسكول (eSchool): يُعَدُّ هذا النظام نظام إدارة امتحانات (Exam Management System). نظام الامتحانات الرقمية (Digital Examination System). نظام امتحانات رقمي (digital examination system) مزود بتقييم آلي (automated grading) وميزات إدارة امتحانات شاملة (comprehensive exam management features). نظّم الامتحانات بكفاءة مع إسكول (eSchool). خطط لجدول الامتحانات (exam schedules)، وانشر النتائج (publish results)، ووفر للطلاب وصولاً سلسًا إلى ملاحظات الأداء (performance feedback).

الكلمات المفتاحية: امتحانات إسكول (eschool exams)، جدولة الامتحان (exam scheduling)، تقييمات المدرسة (school assessments)، نتائج الطالب (student results)، منصة الامتحان عبر الإنترنت (online exam platform)، إدارة نتائج الامتحان (exam results management)

متجر جوجل بلاي (Google Play): [رابط متجر جوجل بلاي]
متجر التطبيقات (App Store): [رابط متجر التطبيقات]
النسخة الإلكترونية (Web Version): https://www.myeschoolhome.com/account/login.html?lang=en&target=%2F#/!/home
 Section: Overview
 URL: https://web.myeschoolhome.com/products/exams . 

 Text: الوصف: بوابة إي سكول (eSchool Portal) | نظام إدارة معلومات مدرسي حديث. تعتبر إي سكول (eSchool) الخيار المفضل للمؤسسات التعليمية حول العالم. إن بوابة إي سكول (eSchool Portal) هي نظام شامل لإدارة المدارس مدعوم بالذكاء الاصطناعي (AI-powered) يقدّم حلولاً متكاملة للتسجيل الطلابي (student enrollment)، والحضور (attendance)، والدرجات (grades)، والتواصل (communication)، والتعليم عبر الإنترنت (online learning). عزّز مؤسستك التعليمية من خلال منصتنا سهلة الاستخدام.
الكلمات المفتاحية: بوابة إي سكول (eSchool Portal)، نظام إدارة المدارس (school management system)، نظام المعلومات الطلابي (student information system)، التعليم المدعوم بالذكاء الاصطناعي (AI-powered education)، منصة التعليم عبر الإنترنت (online learning platform)، نظام تخطيط موارد المؤسسات التعليمية (school ERP)، الفصول الدراسية الرقمية (digital classrooms)، تكنولوجيا التعليم (education technology)، برنامج إدارة المدارس (school administration software)، إي سكول لبنان (eSchool Lebanon).
 Section: Description
 URL: https://web.myeschoolhome.com/ . 

 Text: انطلاقًا من تجربة (Akra Community School) وهي مدرسة لبنانية تقع في غانا، أفريقيا، حيث تُعتبر المدرسة رائدة في المجال التكنولوجي والتقني، فقد تعددت التجارب المتعلقة بالبرامج التي تعنى بعملية إدارة المدرسة (School Management)، والتعليم عن بعد (Distance Learning)، والصَف المباشر (Live Class). بعض هذه البرامج كان مجانيًا وبعضها غير مجاني، ومنها برامج عالمية، حيث أن لكل برنامج ميزة خاصة به، ولكن ما وجدناه في برنامج (iSCOL) لم نجده في غيره من البرامج. عملية التكامل (Integration) والقدرة على الربط بين جميع الخدمات والأقسام الموجودة في البرنامج أعطتنا القدرة على الوصول بطريقة أسهل لأولياء الأمور والطلاب من خلال استخدام الخدمات حتى نتمكن من التواصل والربط ليصبح عملنا بالكامل متكاملًا، وهذا ما تمكن (iSCOL) من تحقيقه على عكس غيره من البرامج. أما طاقم (iSCOL)، فلديه القدرة على تلبية الاحتياجات بسرعة، وحل المشاكل بسرعة، وهذا مؤشر على أن مستقبل هذه الشركة سيكون مستقبلًا زاهرًا على الصعيد العالمي. برنامج (iSCOL) هو برنامج مختلف ومميز ولديه القدرة على تقديم حل شامل وكامل لأي مؤسسة تعليمية (Educational Institution). كَتبَه: علي طلب، مدير المدرسة.
 Section: What Our Clients Say
 URL: https://web.myeschoolhome.com/ . 

 Text: محتوى المنتج إيسكول (eSchool Content): مكتبة محتوى رقمي غنية وموارد تعليمية. الميزات: المكتبة الرقمية (Digital Library). محتوى تفاعلي (Interactive Content). مشاركة الموارد (Resource Sharing).
 Section: eSchool Content
 URL: https://web.myeschoolhome.com/products/content . 

 Text: نظرة عامة على دفتر الدرجات الإلكتروني (eSchool Gradebook): هذا هو نظام دفتر الدرجات عبر الإنترنت (Online Gradebook System) | درجات الطلاب في الوقت الفعلي (Real-Time Student Grades) – إسكول (eSchool). جعل الدرجات أكثر ذكاءً (Grades Made Smarter). يعد دفتر الدرجات الإلكتروني (eSchool Gradebook) أداة رقمية (Digital Tool) شاملة تمكن المعلمين من تسجيل وإدارة ومشاركة درجات الطلاب في الوقت الفعلي (Real Time). فهو يبسط عملية التقييم (Grading)، ويدعم التواصل الأكاديمي الشفاف (Transparent Academic Communication)، ويساعد المدارس على الحفاظ على سجلات الأداء الدقيقة (Accurate Performance Records) بسهولة. تتبع وإدارة أداء الطلاب مع دفتر الدرجات (Gradebook) من إسكول (eSchool). الوصول إلى الدرجات ومتوسطاتها وتقارير التقييم (Assessment Reports) في الوقت الفعلي (Real Time) لمتابعة أكاديمية شفافة (Transparent Academic Tracking). الكلمات المفتاحية: دفتر الدرجات الإلكتروني (eschool gradebook)، درجات الطلاب عبر الإنترنت (student grades online)， البيان التقييمي الرقمي (digital report card)، متابعة الأداء الأكاديمي (academic performance tracking)， التقييم عبر الإنترنت (online assessment)، نظام التقييم المدرسي (school grading system) متجر جوجل بلاي (Google Play): https://play.google.com/store/apps/details?id=com.eschool.gradebook متجر آب ستور (App Store): https://apps.apple.com/us/app/eschool-gradebook/id1322901106 النسخة الإلكترونية (Web Version): https://www.myeschoolhome.com/account/login.html?lang=en&target=%2F
 Section: Overview
 URL: https://web.myeschoolhome.com/products/gradebook . 

 Text: ملف المسؤول المالي في نظام إسكول (eSchool Administrator Financial File): يتولى معالجة تسجيل الطلاب (student enrollment)، وجدولة الامتحانات (exam scheduling)، والمعاملات المالية (financial transactions)، بما في ذلك الخصومات (discounts) والرسوم (fees)، مع إرسال المستندات تلقائياً إلى قسم المحاسبة (accounting department). تتم إدارة التحويلات (Transfers) عبر التسجيل (registration)، باستخدام تطبيق إسكول للسائق والسلامة (eSchool Driver and Safety app) للمراقبة. يتم تعريف الأندية (Clubs) وتسجيل الطلاب فيها، مما يولد قوائم محددة. تقوم الكافتيريا (cafeteria) بإصدار بطاقات مرتبطة بأرصدة للشراء، ومتصلة مباشرة بالمحاسبة (accounting). تمكّن التقارير المالية (Financial reports) من تحليل الإيرادات (revenue)، والأقساط (installments)، والمدفوعات المتأخرة (overdue payments)، مع إرسال تذكيرات إلى أولياء الأمور عبر تطبيق إسكول للتواصل (eSchool Connect app). يتعامل النظام مع تعريف الحسابات المالية (financial accounts) ومراكز التكلفة (cost centers)، وربط إيصالات الدفع (payment vouchers) والقيد اليومية (daily entries) بهذه المراكز للحصول على نتائج الأرباح والخسائر (profit and loss results) لكل مركز. يمكن للمدرسة التحكم في مصروفاتها (expenses) عبر إعدادات برنامجية متنظمة مرتبطة بالميزانية (budget).它包括许多可以从试算表、账户报表、应收账款报表、现金流量表等中提取的会计结算报表。 تسمح إدارة الأصول (Assets management) بإعداد فواتير شراء الأصول (asset purchase invoices) وتحويلها تلقائياً إلى المحاسبة (accounting)، وتتبع الصيانة لكل أصل لمراقبة استهلاكه وتحويل قيمته الدفترية (book value) في نهاية الدورة المالية (financial cycle) إلى المحاسبة (accounting). تتضمن إدارة الآليات (Mechanisms management) إدخال جميع المعلومات المتعلقة بآليات المدرسة، والصيانة اليومية (daily maintenance)، وتسجيل الحوادث (recording incidents)، مع استخراج تقارير متعددة وفقاً لذلك. وهي مسؤولة عن تعريف مستودعات المدرسة (school's warehouses)، بما في ذلك تعريف العناصر (defining items) وربطها بالفئات (categories) حتى يتمكن المستخدمون من إنشاء فواتير المبيعات (sales invoices) أو معاملات نقطة البيع (point of sale transactions)، وإدخال فواتير الشراء (purchase invoices)، وأوامر التسليم والاستلام (delivery and receipt orders) داخل أقسام المدرسة، والتي يتم نقلها بعد ذلك مباشرة إلى قسم المحاسبة (accounting department). بالإضافة إلى ذلك، تتوفر تقارير متنوعة، مثل كشوف حركة العناصر (item movement statements)، وكشوف الأرباح والخسائر (profit and loss statements) على مستوى العنصر، وقوائم الجرد (inventory lists)، ومبيعات العنصر حسب مراكز التكلفة (item sales by cost centers)، وغيرها. يدير النظام المسارات (routes)، والمركبات (vehicles)، وتعيين الطلاب (student assignments) للتنقل بكفاءة. ويشمل ميزات مثل تعريف المسار (route definition)، وتفاصيل المركبة (vehicle details)، وتوزيع الطلاب (student allocation)، والتتبع في الوقت الفعلي (real-time tracking)، والتواصل للتحديثات وإجراءات السلامة، مما يعزز logisticsof النقل للمجتمع المدرسي.
 Section: Financial File
 URL: https://web.myeschoolhome.com/products/administrator . 

 Text: ماذا يقول عملاؤنا: يعد إيسكول (eSchool) منصة متعددة الاستخدامات تمكنت من تبني وتحويل العملية التعليمية (learning process) من التعليم داخل الفصل (in class teaching) إلى التعليم عبر الإنترنت (online teaching) بطريقة سلسة وفعالة. إن المنصة (platform) شاملة وتغطي جميع جوانب العملية التعليمية (learning process). إن قدرتها على أن تكون منصة (platform) يمكن للمدرسة من خلالها تقديم حصص عبر الإنترنت (online classes) ، وجدول أعمل (agenda) ، ومكتبة إلكترونية (e-library) ، وتقييم عبر الإنترنت (online assessment) والعديد من الميزات الأخرى يجعلها ضرورية لتلبية احتياجات التعليم اليوم. كتبه: الدكتور جيمي شوفاني، مدير المدرسة
 Section: What Our Clients Say
 URL: https://web.myeschoolhome.com/ . 

 Text: نظرة عامة: اتصل بنا | تواصل مع فريق إيسكول (eSchool Team). هل لديك أسئلة أو تحتاج إلى دعم؟ تواصل مع فريق إيسكول (eSchool team) للاستفسارات عن المنتجات، أو الشراكات، أو المساعدة في خدمة العملاء. نحن هنا لمساعدتك. اتصل بإيسكول (eschool contact)، تواصل معنا (get in touch)، دعم برنامج المدرسة (school software support)، اتصل بإدتيك (edtech contact)، استفسار حول حلول التعليم (education solutions inquiry)، إيسكول لبنان (eschool Lebanon).
 Section: Overview
 URL: https://web.myeschoolhome.com/contact . 

 Text: نظام الاختبارات الإلكترونية (eSchool Exams): نظام امتحان رقمي مع تصحيح آلي. الميزات: الاختبار عبر الإنترنت (Online Testing). التصحيح الآلي (Auto Grading). تحليل النتائج (Result Analytics).
 Section: eSchool Exams
 URL: https://web.myeschoolhome.com/products/exams . 

 Text: غرفة إسكول (eSchool Room): امنح المعلمين إمكانية الوصول لإدارة الغرفة بسهولة: يقرر المضيفون (Hosts) من يمكنه الدخول، وكتم صوت المشاركين أو إزالتهم، وتقيد مشاركة الشاشة، وقفل الغرف (lock rooms)، مما يضمن بقاء كل فصل افتراضي (virtual class) منظمًا وخاليًا من الإزعاج.
 Section: Give teachers the access to easily manage the room
 URL: https://web.myeschoolhome.com/products/room . 

 Text: نظرة عامة: هذا هو قسم منتجاتنا | حلول إدارة المدارس الشاملة – إسكول (eSchool). استكشف مجموعة المنتجات الرقمية من إسكول (eSchool) المصممة لتبسيط عمليات التعليم - بدءًا من تتبع الحضور (attendance tracking) وإعداد تقارير الدرجات (grade reporting) وصولاً إلى أدوات التواصل والأدوات المالية (financial and communication tools) للمدارس العصرية.الكلمات المفتاحية: منتجات إسكول (eschool products)، برنامج المدرسة (school software)، تكنولوجيا التعليم (education technology)، نظام الحضور (attendance system)، برنامج سجل الدرجات (gradebook software)، الأدوات المالية للمدرسة (school financial tools)، منصة المدرسة عبر الإنترنت (online school platform)، التحول الرقمي للمدرسة (school digital transformation)
 Section: Overview
 URL: https://web.myeschoolhome.com/products . 

 Text: يطبق برنامج إي سكول (eSchool) في مدرستنا، المدرسة الإنجيلية الوطنية في النبطية (The National Evangelical School in Nabatieh)، مجموعة شاملة من الخدمات المصممة لمعالجة العمليات الإدارية والأكاديمية المختلفة. ويوفر نظام تقييم فعالاً يضمن الدقة والشفافية في تسجيل وإدارة درجات الطلاب (student grades). كما يدير النظام الملفات المالية (financial files) بسلاسة، مما يمكن المدرسة من الحفاظ على سجل منظم للرسوم والمعاملات (transactions). علاوة على ذلك، يدعم برنامج إي سكول (eSchool) تعريف وإدارة المقررات الدراسية (courses)، مما يسمح بتهيئة هيكلية واضحة وتخصيصها لتلبية الاحتياجات الأكاديمية. وإن فريق البرنامج شديد التعاون، ويتناول جميع الاستفسارات باحترافية وسرعة، مما يضمن للمستخدمين الحد الأدنى من التعطيل والحد الأقصى من المساعدة. كتبه: شادي الحجار، مدير المدرسة (School Principal).
 Section: What Our Clients Say
 URL: https://web.myeschoolhome.com/ . 

 Text: اختبارات إي سكول (eSchool Exams): الاختبار عبر الإنترنت (Online Exam) يبسط الاختبار عبر الإنترنت (Online Exam) إجراءات التقييم من خلال تيسير إجراء اختبارات عن بُعد ومحددة الوقت مع تصحيح آلي ونتائج تحليلية شاملة. تُعزز هذه الأداة المهنية الكفاءة والمشاركة في العمليات التعليمية مع تزويد المعلمين بتقييم قائم على البيانات وفير القيمة من أجل التحسين المستمر.
 Section: Online Exam
 URL: https://web.myeschoolhome.com/products/exams . 

 Text: في ظل جائحة كوفيد-19 (COVID-19) وما ترتب عليها من انقطاع للتعليم الحضوري، عقدنا العزم على مواصلة مسيرتنا التربوية والتعليمية باستخدام أفضل الأساليب وأكثرها تطورًا. ولبلوغ هدفنا، بحثنا عن أفضل الشركات التكنولوجية (Technology Companies) التي تتيح لنا متابعة أبنائنا عبر التعلم عن بُعد (Distance Learning). ووقع اختيارنا على شركة إيسكول (eSchool)، وبالطبع لم نكن مخطئين في قرارنا. فقد حرص القائمون عليها على تقديم أفضل الخدمات التقنية (Technical Services) التي ساعدتنا على تحقيق أهدافنا التربوية (Educational Objectives) والتعليمية. وأخذت الشركة بعين الاعتبار تقييمنا المستمر للخدمات المقدمة لتقديم الأفضل. وأثمر تعاوننا عن عملية تربوية ناجحة عن بُعد (Distance Learning) بكل المقاييس، مما وضعنا في الصفوف الأمامية إلى جانب أفضل المؤسسات التربوية (Educational Institutions). كتبه: السيد رواد حوايش، المدير التربوي (Educational Director).
 Section: What Our Clients Say
 URL: https://web.myeschoolhome.com/ . 

 Text: ملف موظف نظام إسكول الإداري (eSchool Administrator Employee File): يسمح للمستخدمين بإدخال المعلومات الشخصية والإدارية والأكاديمية والمالية للموظفين والمعلمين. يمكن للمتقدمين التقديم عبر الإنترنت أو شخصيًا، ويتم القبول بناءً على المقابلات أو الاختبارات. يمتلك كل موظف ملفًا يغطي التفاصيل المالية والتأمين والتعويضات والقروض والعقود والرواتب. يتم حساب الرواتب وإرسالها عبر تطبيق إسكول كونكت (eSchool Connect app)، مع خصم استقطاعات التأمين والتعويضات والضرائب. يُسهِّل النظام إيداع الإقرارات الضريبية والتسويات السنوية والالتزامات المالية لصندوق التعويضات والتأمين.
 Section: Employee File
 URL: https://web.myeschoolhome.com/products/administrator . 
----------------------------------------
time=2026-01-09 11:42:22
ip=127.0.0.1
user_query=who are you
stage=decision making
response={
  "category": "unrelated",
  "answer": "Hello! I'm an assistant for the MyEschoolHome school management system. How can I help you with student records, attendance, grades, or other school management features today?",
  "confidence": 1.0
}
embedding_model=C:\Users\ADMIN\Documents\GitHub\eschool-chatbot-main\embeddinggemma-300m
collection_name=docs
retrieved_chunks=
----------------------------------------
time=2026-01-09 11:42:43
ip=127.0.0.1
user_query=what products do you offer?
stage=decision making
response={
  "category": "related",
  "answer": "",
  "confidence": 1.0
}
embedding_model=C:\Users\ADMIN\Documents\GitHub\eschool-chatbot-main\embeddinggemma-300m
collection_name=docs
retrieved_chunks=
----------------------------------------
time=2026-01-09 11:42:45
ip=127.0.0.1
user_query=what products do you offer?
stage=answer generation
response={
  "answer": "eSchool offers several products: eSchool Content (digital library, interactive content, resource sharing), eSchool Administrator (administrative tasks, financial tracking, content management), eSchool Gradebook (grade analytics, progress reports, assessment tools), eSchool Room (interactive content, student engagement), eSchool Exams (online testing, auto grading, result analytics), eSchool Agenda (event management, class scheduling, deadline tracking), eSchool Safety (access control, emergency protocols, compliance tracking), and eSchool Connect (parent portal, teacher chat, student communication).",
  "confidence": 1.0
}
embedding_model=C:\Users\ADMIN\Documents\GitHub\eschool-chatbot-main\embeddinggemma-300m
collection_name=docs
retrieved_chunks= Text: Overview: This is a Our Products | Comprehensive School Management Solutions – eSchool. Explore eSchool's suite of digital products designed to streamline education operations—ranging from attendance tracking and grade reporting to financial and communication tools for modern schools.Keywords: eschool products, school software, education technology, attendance system, gradebook software, school financial tools, online school platform, school digital transformation
 Section: Overview
 URL: https://web.myeschoolhome.com/products . 

 Text: Product eSchool Content: Rich digital content library and learning resources. Features: Digital Library. Interactive Content. Resource Sharing
 Section: eSchool Content
 URL: https://web.myeschoolhome.com/products/content . 

 Text: Product eSchool Administrator: It centralizes administrative tasks, financial tracking, and educational content, fostering a cohesive and organized environment for effective school management.. Features: Administrative Tasks. Financial Tracking. Content Management
 Section: eSchool Administrator
 URL: https://web.myeschoolhome.com/products/administrator . 

 Text: Characteristics: Most Advanced School Systems in Mena, School Management System, Learning Management System, Content Management System. 2.Empower your school with AI. 3.Build the future of your school. 4.Engage your school community. 5.All in one integrated ERP system
 Section: Characteristics
 URL: https://web.myeschoolhome.com/ . 

 Text: Product eSchool Gradebook: Comprehensive grade management and progress tracking. Features: Grade Analytics. Progress Reports. Assessment Tools
 Section: eSchool Gradebook
 URL: https://web.myeschoolhome.com/products/gradebook . 

 Text: Product eSchool Room: It provides a robust platform that engages students with interactive content, and effective educational experience.. Features: Interactive Content. Student Engagement. Educational Experience
 Section: eSchool Room
 URL: https://web.myeschoolhome.com/products/room . 

 Text: Product eSchool Exams: Digital examination system with automated grading. Features: Online Testing. Auto Grading. Result Analytics
 Section: eSchool Exams
 URL: https://web.myeschoolhome.com/products/exams . 

 Text: Overview: Contact Us | Get in Touch with eSchool Team. Have questions or need support? Reach out to the eSchool team for product inquiries, partnerships, or customer service assistance. We're here to help. eschool contact, get in touch, school software support, edtech contact, education solutions inquiry, eschool Lebanon.
 Section: Overview
 URL: https://web.myeschoolhome.com/contact . 

 Text: Product eSchool Agenda: Smart scheduling and calendar management for all school activities. Features: Event Management. Class Scheduling. Deadline Tracking
 Section: eSchool Agenda
 URL: https://web.myeschoolhome.com/products/agenda . 

 Text: eSchool Agenda: A Paperless Agenda: Elevate your student life with our innovative paperless electronic agenda. Say farewell to juggling papers and hello to effortless organization tailored for students. Whether it's keeping track of assignments, deadlines, or extracurricular activities, our digital agenda is your ultimate companion for academic success. Stay ahead of the curve while reducing paper waste, making a positive impact on both your grades and the planet. Embrace the future of student productivity with our user-friendly and eco-conscious agenda – because your success starts with staying organized, digitally.
Master your moments, seize the day, and reign supreme with our time-saving, life-organizing digital agenda!:
 Section: A Paperless Agenda
 URL: https://web.myeschoolhome.com/products/agenda . 

 Text: Product eSchool Safety: Comprehensive security and compliance management. Features: Access Control. Emergency Protocols. Compliance Tracking
 Section: eSchool Safety
 URL: https://web.myeschoolhome.com/products/safety . 

 Text: Product eSchool Connect: Seamless communication between parents, teachers, and students. Features: Parent Portal. Teacher Chat. Student Community
 Section: eSchool Connect
 URL: https://web.myeschoolhome.com/products/connect . 

 Text: Insights: 9.1 million agendas. 4.7 million resources. 2.1 million live classes. 171.9 thousand online exams.
 Section: Insights
 URL: https://web.myeschoolhome.com/ . 

 Text: Platform Audience: Built for Every Role in Your School Community. Our platform adapts to meet the unique needs of students, parents, teachers, and administrators, creating a unified educational ecosystem. 1. Students, Smart Learners. Access your lessons, exams, and school updates from anywhere. Learn, collaborate, and stay informed through a personalized platform. Features: Course Materials & Videos, Timetable & Agenda View, Online Exams & Results, Messaging with Teachers. 2.Parents, Informed Guardians. Monitor your child's academic life in real time — grades, attendance, bus tracking, and more — all from one app. Features: Real-Time Grades & Attendance, Bus & School Notifications, Teacher & Admin Messaging, Calendar of Events. 3.Teachers, Academic Leaders. Simplify lesson delivery, grading, and student tracking with smart tools tailored for teaching efficiency. Features: Digital Lesson Plans & Uploads, Grading & Mark Entry, Student Performance Analytics, Attendance Recording. 4.Administrators, Operational Experts. Control academic, financial, and admin operations across all departments from one centralized dashboard. Features: Dashboard with Key Metrics, Staff & Student Management, Financial & Fee Tracking, Compliance & Reports
 Section: Platform Audience
 URL: https://web.myeschoolhome.com/ . 

 Text: eSchool Content Features: Upload voice recordings, hyperlink collections, HTML lessons, videos, text-based notes, YouTube playlists, and high-resolution images so every content format lives in one structured library ready for distribution.
 Section: Features
 URL: https://web.myeschoolhome.com/products/content . 
----------------------------------------
time=2026-01-09 11:43:06
ip=127.0.0.1
user_query=write the previous answer as a numbered list
stage=decision making
response={
  "category": "related",
  "answer": "",
  "confidence": 1.0
}
embedding_model=C:\Users\ADMIN\Documents\GitHub\eschool-chatbot-main\embeddinggemma-300m
collection_name=docs
retrieved_chunks=
----------------------------------------
time=2026-01-09 11:43:08
ip=127.0.0.1
user_query=write the previous answer as a numbered list
stage=answer generation
response={
  "answer": "1. eSchool Content (digital library, interactive content, resource sharing)\n2. eSchool Administrator (administrative tasks, financial tracking, content management)\n3. eSchool Gradebook (grade analytics, progress reports, assessment tools)\n4. eSchool Room (interactive content, student engagement)\n5. eSchool Exams (online testing, auto grading, result analytics)\n6. eSchool Agenda (event management, class scheduling, deadline tracking)\n7. eSchool Safety (access control, emergency protocols, compliance tracking)\n8. eSchool Connect (parent portal, teacher chat, student communication)",
  "confidence": 1.0
}
embedding_model=C:\Users\ADMIN\Documents\GitHub\eschool-chatbot-main\embeddinggemma-300m
collection_name=docs
retrieved_chunks= Text: eSchool Exams: Paper Exam: Generate printable exam booklets, attendance sheets, and answer templates, then log results manually so traditional assessments stay synchronized with the digital system for consolidated reporting.
 Section: Paper Exam
 URL: https://web.myeschoolhome.com/products/exams . 

 Text: eSchool Exams: Varied Question Types: Easily you have a range of question types, such as multiple-choice, true/false, short answer, essay, and multimedia questions. These diverse options accommodate various assessment needs, catering to different learning styles and educational objectives within a professional setting.
 Section: Varied Question Types
 URL: https://web.myeschoolhome.com/products/exams . 

 Text: eSchool Exams: Features: Configure time limits per exam, reveal correct answers on submission, tag every question with a difficulty level, and attach supporting files to answer keys for richer feedback and exam integrity.
 Section: Features
 URL: https://web.myeschoolhome.com/products/exams . 

 Text: Characteristics: Most Advanced School Systems in Mena, School Management System, Learning Management System, Content Management System. 2.Empower your school with AI. 3.Build the future of your school. 4.Engage your school community. 5.All in one integrated ERP system
 Section: Characteristics
 URL: https://web.myeschoolhome.com/ . 

 Text: eSchool Exams: Tracking Exam Objectives with Online App Analytics: Teachers can use the online exam to set exam's objectives and then check how well students meet these objectives. The app's analytics provide insights into the percentage of objectives reached by each student, allowing teachers to assess alignment between exam performance and set objectives efficiently.
 Section: Tracking Exam Objectives with Online App Analytics
 URL: https://web.myeschoolhome.com/products/exams . 

 Text: Product eSchool Exams: Digital examination system with automated grading. Features: Online Testing. Auto Grading. Result Analytics
 Section: eSchool Exams
 URL: https://web.myeschoolhome.com/products/exams . 

 Text: Insights: 9.1 million agendas. 4.7 million resources. 2.1 million live classes. 171.9 thousand online exams.
 Section: Insights
 URL: https://web.myeschoolhome.com/ . 

 Text: Get in Touch | Phone number Lebanon 1: +961 81 853 832
Get in Touch | Phone number Lebanon 2: +961 3 623 352
Get in Touch | Phone number Lebanon 3: +961 76 764 252
Get in Touch | Phone number Iraq: +964 786 113 8857
Get in Touch | Phone number Oman: +968 90 123 757
Get in Touch | Phone number Turkey: +90 507 925 7501
Get in Touch | WhatsApp: +961 81 853 832 +961 76 764 252
 Section: Get in Touch
 URL: https://web.myeschoolhome.com/contact . 

 Text: Overview: Contact Us | Get in Touch with eSchool Team. Have questions or need support? Reach out to the eSchool team for product inquiries, partnerships, or customer service assistance. We're here to help. eschool contact, get in touch, school software support, edtech contact, education solutions inquiry, eschool Lebanon.
 Section: Overview
 URL: https://web.myeschoolhome.com/contact . 

 Text: eSchool Gradebook: Prepare Easily by Using Our Daily Planner: Harness the power of the Daily Planner to meticulously prepare lessons, ensuring thorough organization of steps, resources, and objectives. With this tool, you can seamlessly attach files and images, fostering enriched learning experiences. Furthermore, facilitate effective communication by sharing comments with managers, fostering collaboration and alignment with organizational goals.
 Section: Prepare Easily by Using Our Daily Planner
 URL: https://web.myeschoolhome.com/products/gradebook . 

 Text: eSchool Agenda: Capture your live classes and discussions with our journal: Keep a searchable journal of live sessions by logging topics, key questions, and shared resources so students can revisit crucial points and teachers can track coverage.
 Section: Capture your live classes and discussions with our journal.
 URL: https://web.myeschoolhome.com/products/agenda . 

 Text: eSchool Content Features: Upload voice recordings, hyperlink collections, HTML lessons, videos, text-based notes, YouTube playlists, and high-resolution images so every content format lives in one structured library ready for distribution.
 Section: Features
 URL: https://web.myeschoolhome.com/products/content . 

 Text: eSchool Content: Navigation Tools: The Navigation Tools feature simplifies access to information and resources with intuitive menus, search options, and clear categorization. It includes a "Go to Page" feature, enabling users to quickly navigate to specific sections or pages within the app. Additionally, thumbnails provide visual cues, further enhancing navigation efficiency by allowing users to preview content before accessing it. This ensures efficient navigation, saving time and enhancing usability for students, faculty, and staff.
 Section: Navigation Tools
 URL: https://web.myeschoolhome.com/products/content . 

 Text: Our Journey - 2019: Our Significant Milestone. During the COVID-19 pandemic, our live classes feature achieved significant milestones by creating an educational online platform that provided students with uninterrupted learning opportunities. The platform was highly secure and efficient, allowing teachers and administrators to maintain control over the educational process seamlessly. It boasted a vast library of over 1 million digital educational videos, offering diverse and comprehensive resources for all subjects. Despite the challenges posed by online teaching, our students achieved excellent results, effectively bridging the educational gap created by the pandemic.
 Section: Our Journey - 2019
 URL: https://web.myeschoolhome.com/about . 

 Text: Product eSchool Gradebook: Comprehensive grade management and progress tracking. Features: Grade Analytics. Progress Reports. Assessment Tools
 Section: eSchool Gradebook
 URL: https://web.myeschoolhome.com/products/gradebook . 
----------------------------------------
time=2026-01-09 11:43:33
ip=127.0.0.1
user_query=who uses eschool products?
stage=decision making
response={
  "category": "related",
  "answer": "",
  "confidence": 1.0
}
embedding_model=C:\Users\ADMIN\Documents\GitHub\eschool-chatbot-main\embeddinggemma-300m
collection_name=docs
retrieved_chunks=
----------------------------------------
time=2026-01-09 11:43:34
ip=127.0.0.1
user_query=who uses eschool products?
stage=answer generation
response={
  "answer": "I don’t have enough information to answer this based on the available data.",
  "confidence": 0.0
}
embedding_model=C:\Users\ADMIN\Documents\GitHub\eschool-chatbot-main\embeddinggemma-300m
collection_name=docs
retrieved_chunks= Text: Overview: This is a Our Products | Comprehensive School Management Solutions – eSchool. Explore eSchool's suite of digital products designed to streamline education operations—ranging from attendance tracking and grade reporting to financial and communication tools for modern schools.Keywords: eschool products, school software, education technology, attendance system, gradebook software, school financial tools, online school platform, school digital transformation
 Section: Overview
 URL: https://web.myeschoolhome.com/products . 

 Text: Product eSchool Content: Rich digital content library and learning resources. Features: Digital Library. Interactive Content. Resource Sharing
 Section: eSchool Content
 URL: https://web.myeschoolhome.com/products/content . 

 Text: Overview: Contact Us | Get in Touch with eSchool Team. Have questions or need support? Reach out to the eSchool team for product inquiries, partnerships, or customer service assistance. We're here to help. eschool contact, get in touch, school software support, edtech contact, education solutions inquiry, eschool Lebanon.
 Section: Overview
 URL: https://web.myeschoolhome.com/contact . 

 Text: Product eSchool Connect: Seamless communication between parents, teachers, and students. Features: Parent Portal. Teacher Chat. Student Community
 Section: eSchool Connect
 URL: https://web.myeschoolhome.com/products/connect . 

 Text: eSchool Content Overview: This is a Digital Learning Resources | Upload & Share Educational Content – eSchool. Digital Learning Resources. Rich digital content library and learning resources platform that delivers educational materials—articles, videos, interactive content—to support student learning. Distribute educational materials and digital content through eSchool. Empower teachers and students with access to files, lectures, and multimedia resources.Keywords: eschool content, digital education materials, learning resources, e-learning platform, school content sharing, online lectures Google Play: https://play.google.com/store/apps/details?id=eschool.apps.eschoolshelves App Store: https://apps.apple.com/us/app/eschool-content/id1296241492 Web Version: https://www.myeschoolhome.com/account/login.html?lang=en&target=%2F
 Section: Overview
 URL: https://web.myeschoolhome.com/products/content . 

 Text: Product eSchool Exams: Digital examination system with automated grading. Features: Online Testing. Auto Grading. Result Analytics
 Section: eSchool Exams
 URL: https://web.myeschoolhome.com/products/exams . 

 Text: Product eSchool Room: It provides a robust platform that engages students with interactive content, and effective educational experience.. Features: Interactive Content. Student Engagement. Educational Experience
 Section: eSchool Room
 URL: https://web.myeschoolhome.com/products/room . 

 Text: Our Journey - Today: Leading Innovation. eSchool company stands as a beacon of educational excellence in the digital realm. With years of innovation and dedication under our belt, we continue to redefine the landscape of learning, adapting to the evolving needs of students and educators alike. Our commitment to providing top-tier digital school services remains unwavering, as we strive to empower learners and facilitate seamless educational experiences. From interactive lessons to collaborative platforms, we remain at the forefront of educational technology, shaping the future of learning with every click and connection.
 Section: Our Journey - Today
 URL: https://web.myeschoolhome.com/about . 

 Text: Our Journey - 2023: Empowering Education: Now and Beyond. In the present and looking toward the future, eSchool company has forged integration agreements with leading educational companies to enhance our curriculum. These partnerships empower our educational offerings by supplementing the school curriculum presented by teachers in the classroom. Students now have access to a rich array of educational videos directly related to their subjects, allowing them to deepen and reinforce their knowledge. This integration ensures a more comprehensive and engaging learning experience, bridging classroom instruction with high-quality digital content.
 Section: Our Journey - 2023
 URL: https://web.myeschoolhome.com/about . 

 Text: Product eSchool Agenda: Smart scheduling and calendar management for all school activities. Features: Event Management. Class Scheduling. Deadline Tracking
 Section: eSchool Agenda
 URL: https://web.myeschoolhome.com/products/agenda . 

 Text: What Our Clients Say: eSchool is a versatile platform that was able to adopt and transform the learning process from the in class teaching to online teaching in a smooth and effective manner. The platform is comprehensive and covers all aspects of the learning process. Its ability to be a platform where the school can offer online classes , agenda, e-library, online assessment and many other features makes it a must have for today’s education needs. Written by: Dr. Jimmy Choufani, School Principal
 Section: What Our Clients Say
 URL: https://web.myeschoolhome.com/ . 

 Text: eSchool Room Overview: This is a Live Online Classes | Virtual Learning Platform – eSchool. Virtual Classroom Platform. It provides a robust platform that engages students with interactive content, and effective educational experience through virtual classroom features. Deliver interactive virtual classes with eSchool Live. Host real-time lessons, share presentations, and engage students in a secure online classroom.Keywords: eschool live class, virtual classroom, online teaching, real-time school classes, digital lessons, remote learning platform Google Play: https://play.google.com/store/apps/details?id=com.eschool.liveclass App Store: https://apps.apple.com/us/app/eschool-rooms/id1585677892 Web Version: https://www.myeschoolhome.com/account/login.html?lang=en&target=%2F
 Section: Overview
 URL: https://web.myeschoolhome.com/products/room . 

 Text: Product eSchool Safety: Comprehensive security and compliance management. Features: Access Control. Emergency Protocols. Compliance Tracking
 Section: eSchool Safety
 URL: https://web.myeschoolhome.com/products/safety . 

 Text: Product eSchool Gradebook: Comprehensive grade management and progress tracking. Features: Grade Analytics. Progress Reports. Assessment Tools
 Section: eSchool Gradebook
 URL: https://web.myeschoolhome.com/products/gradebook . 

 Text: eSchool Connect Overview: This is a Parent-Teacher Online Communication Platform | eSchool Connect. School Communication. A secure communication platform uniting teachers, parents, and students. Integrated within eSchool LMS and mobile app, it supports smooth, safe communication across your school community. Enhance online communication between parents, students, and teachers with eSchool Connect. Stay updated with messages, announcements, and school updates in real-time.Keywords: eschool connect, parent-teacher communication, school notifications, online school messaging, real-time updates, school announcements Google Play: https://play.google.com/store/apps/details?id=xdk.intel.cordova.eSchoolApp App Store: https://apps.apple.com/us/app/eschool-connect/id1056313709 Web Version: https://www.myeschoolhome.com/account/login.html?lang=en&target=%2F
 Section: Overview
 URL: https://web.myeschoolhome.com/products/connect . 
----------------------------------------
time=2026-01-09 11:44:00
ip=127.0.0.1
user_query=who are the people who benefit from your services?
stage=decision making
response={
  "category": "related",
  "answer": "",
  "confidence": 1.0
}
embedding_model=C:\Users\ADMIN\Documents\GitHub\eschool-chatbot-main\embeddinggemma-300m
collection_name=docs
retrieved_chunks=
----------------------------------------
time=2026-01-09 11:44:02
ip=127.0.0.1
user_query=who are the people who benefit from your services?
stage=answer generation
response={
  "answer": "The platform benefits students, parents, teachers, and administrators.",
  "confidence": 1.0
}
embedding_model=C:\Users\ADMIN\Documents\GitHub\eschool-chatbot-main\embeddinggemma-300m
collection_name=docs
retrieved_chunks= Text: At a Glance: Our global impact in numbers. Key statistics include: Countries: +10; Students: +1 M; Teachers: +500 K.
 Section: At a Glance
 URL: https://web.myeschoolhome.com/about . 

 Text: Platform Audience: Built for Every Role in Your School Community. Our platform adapts to meet the unique needs of students, parents, teachers, and administrators, creating a unified educational ecosystem. 1. Students, Smart Learners. Access your lessons, exams, and school updates from anywhere. Learn, collaborate, and stay informed through a personalized platform. Features: Course Materials & Videos, Timetable & Agenda View, Online Exams & Results, Messaging with Teachers. 2.Parents, Informed Guardians. Monitor your child's academic life in real time — grades, attendance, bus tracking, and more — all from one app. Features: Real-Time Grades & Attendance, Bus & School Notifications, Teacher & Admin Messaging, Calendar of Events. 3.Teachers, Academic Leaders. Simplify lesson delivery, grading, and student tracking with smart tools tailored for teaching efficiency. Features: Digital Lesson Plans & Uploads, Grading & Mark Entry, Student Performance Analytics, Attendance Recording. 4.Administrators, Operational Experts. Control academic, financial, and admin operations across all departments from one centralized dashboard. Features: Dashboard with Key Metrics, Staff & Student Management, Financial & Fee Tracking, Compliance & Reports
 Section: Platform Audience
 URL: https://web.myeschoolhome.com/ . 

 Text: It's an honor for us to receive this certificate. We would like to thank you and your team for all the support you gave and for always being there. We wish you continuous success in your business. Thank you. Written by: Mrs. Rabab Abdullah Juma, Director
 Section: What Our Clients Say
 URL: https://web.myeschoolhome.com/ . 

 Text: Insights: 9.1 million agendas. 4.7 million resources. 2.1 million live classes. 171.9 thousand online exams.
 Section: Insights
 URL: https://web.myeschoolhome.com/ . 

 Text: Why eSchool?: Efficient Report Generation: Streamline your school's reporting process with efficient printing of financial statements, certificates, and grades. Our user-friendly system ensures all requirements are met with speed and accuracy. 24/7 Expert Support: Access round-the-clock expert support and training to ensure prompt service delivery. We address all your questions and inquiries with speed and efficiency, keeping your operations smooth. Seamless User Experience: Enjoy a user-friendly, clear, and intuitive experience designed for educators, students, and parents alike. Our platform makes managing school activities simple and enjoyable. Robust Data Protection: Secure your sensitive school data with our robust protection measures. We ensure secure access control based on job descriptions, safeguarding all stored information. Quality Monitoring & Supervision: Monitor and supervise the educational process to ensure smooth operations and quality control. Track progress and maintain high standards across all school activities. Comprehensive Digital Services: Offer a wide range of online services including student enrollment, online registration, and secure payment of fees. Simplify administrative tasks with our integrated digital platform. Eco-Friendly & Cost-Effective: Reduce costs, burden alleviation, and environmental protection by going paperless. Achieve significant cost savings while contributing to environmental sustainability. Empowering Educators: Equip your teachers with powerful tools for detailed student assessments, attendance management, and behavior tracking. Enhance teaching effectiveness and student engagement.
 Section: Why eSchool?
 URL: https://web.myeschoolhome.com/ . 

 Text: Characteristics: Most Advanced School Systems in Mena, School Management System, Learning Management System, Content Management System. 2.Empower your school with AI. 3.Build the future of your school. 4.Engage your school community. 5.All in one integrated ERP system
 Section: Characteristics
 URL: https://web.myeschoolhome.com/ . 

 Text: eSchool Exams: Tracking Exam Objectives with Online App Analytics: Teachers can use the online exam to set exam's objectives and then check how well students meet these objectives. The app's analytics provide insights into the percentage of objectives reached by each student, allowing teachers to assess alignment between exam performance and set objectives efficiently.
 Section: Tracking Exam Objectives with Online App Analytics
 URL: https://web.myeschoolhome.com/products/exams . 

 Text: CEO Quote: Education is the compass that guides us toward a brighter future, equipping us with the knowledge and skills to navigate life's challenges and pursue our dreams. — Oussama Ezzedine, CEO
 Section: CEO Quote
 URL: https://web.myeschoolhome.com/about . 

 Text: eSchool Connect: HR Services: An integrated Human Resources (HR) service is provided, significantly streamlining administrative processes related to personnel management. This feature offers a centralized platform where staff can efficiently handle various HR matters. From managing employee records and facilitating leave requests to handling payroll and other administrative tasks, the integrated HR service enhances organizational efficiency. By consolidating these functions within the app, the school not only simplifies its administrative workload but also ensures a more organized and accessible approach to human resource management, contributing to a smoother overall operation.
 Section: HR Services
 URL: https://web.myeschoolhome.com/products/connect . 

 Text: eSchool Administrator Security File: This section ensures user rights are safeguarded. It covers privacy policies, data protection measures, and guidelines for responsible usage, promoting a secure environment for all.
 Section: Security File
 URL: https://web.myeschoolhome.com/products/administrator . 

 Text: Overview: Contact Us | Get in Touch with eSchool Team. Have questions or need support? Reach out to the eSchool team for product inquiries, partnerships, or customer service assistance. We're here to help. eschool contact, get in touch, school software support, edtech contact, education solutions inquiry, eschool Lebanon.
 Section: Overview
 URL: https://web.myeschoolhome.com/contact . 

 Text: eSchool Administrator Academic File: It manages the class grades policy, subjects, and teacher assignments. It allows for customized assessments for individual students and generates various reports for administrators to monitor student progress. Additionally, it facilitates the printing and distribution of certificates and includes a section for assessing kindergarten students based on defined goals and competencies. Supervisors delineate the objectives and criteria pertinent to each subject. A series of forms are crafted encompassing subject-specific objectives and observation criteria. Reports: This segment facilitates the generation of customized reports for individual supervisors, highlighting their completed tasks and activities. It manages the tasks of educational counselors, including student support and case management, connecting them to individual student records and statistical data.
 Section: Academic File
 URL: https://web.myeschoolhome.com/products/administrator . 

 Text: Product eSchool Connect: Seamless communication between parents, teachers, and students. Features: Parent Portal. Teacher Chat. Student Community
 Section: eSchool Connect
 URL: https://web.myeschoolhome.com/products/connect . 

 Text: Product eSchool Exams: Digital examination system with automated grading. Features: Online Testing. Auto Grading. Result Analytics
 Section: eSchool Exams
 URL: https://web.myeschoolhome.com/products/exams . 

 Text: Product eSchool Content: Rich digital content library and learning resources. Features: Digital Library. Interactive Content. Resource Sharing
 Section: eSchool Content
 URL: https://web.myeschoolhome.com/products/content . 
----------------------------------------
time=2026-01-09 11:44:25
ip=127.0.0.1
user_query=how does each of them benefit from your services?
stage=decision making
response={
  "category": "related",
  "answer": "",
  "confidence": 1.0
}
embedding_model=C:\Users\ADMIN\Documents\GitHub\eschool-chatbot-main\embeddinggemma-300m
collection_name=docs
retrieved_chunks=
----------------------------------------
time=2026-01-09 11:44:27
ip=127.0.0.1
user_query=how does each of them benefit from your services?
stage=answer generation
response={
  "answer": "Students benefit by accessing lessons, exams, and school updates from anywhere; learning, collaborating, and staying informed through a personalized platform with course materials, timetable views, online exams, and messaging. Parents benefit by monitoring their child's academic life in real-time—grades, attendance, bus tracking, and notifications—all from one app. Teachers benefit with tools to simplify lesson delivery, grading, and student tracking, including digital lesson plans, grading, performance analytics, and attendance recording. Administrators benefit by controlling academic, financial, and administrative operations from a centralized dashboard with key metrics, staff and student management, financial tracking, and compliance reports.",
  "confidence": 1.0
}
embedding_model=C:\Users\ADMIN\Documents\GitHub\eschool-chatbot-main\embeddinggemma-300m
collection_name=docs
retrieved_chunks= Text: Platform Audience: Built for Every Role in Your School Community. Our platform adapts to meet the unique needs of students, parents, teachers, and administrators, creating a unified educational ecosystem. 1. Students, Smart Learners. Access your lessons, exams, and school updates from anywhere. Learn, collaborate, and stay informed through a personalized platform. Features: Course Materials & Videos, Timetable & Agenda View, Online Exams & Results, Messaging with Teachers. 2.Parents, Informed Guardians. Monitor your child's academic life in real time — grades, attendance, bus tracking, and more — all from one app. Features: Real-Time Grades & Attendance, Bus & School Notifications, Teacher & Admin Messaging, Calendar of Events. 3.Teachers, Academic Leaders. Simplify lesson delivery, grading, and student tracking with smart tools tailored for teaching efficiency. Features: Digital Lesson Plans & Uploads, Grading & Mark Entry, Student Performance Analytics, Attendance Recording. 4.Administrators, Operational Experts. Control academic, financial, and admin operations across all departments from one centralized dashboard. Features: Dashboard with Key Metrics, Staff & Student Management, Financial & Fee Tracking, Compliance & Reports
 Section: Platform Audience
 URL: https://web.myeschoolhome.com/ . 

 Text: At a Glance: Our global impact in numbers. Key statistics include: Countries: +10; Students: +1 M; Teachers: +500 K.
 Section: At a Glance
 URL: https://web.myeschoolhome.com/about . 

 Text: Why eSchool?: Efficient Report Generation: Streamline your school's reporting process with efficient printing of financial statements, certificates, and grades. Our user-friendly system ensures all requirements are met with speed and accuracy. 24/7 Expert Support: Access round-the-clock expert support and training to ensure prompt service delivery. We address all your questions and inquiries with speed and efficiency, keeping your operations smooth. Seamless User Experience: Enjoy a user-friendly, clear, and intuitive experience designed for educators, students, and parents alike. Our platform makes managing school activities simple and enjoyable. Robust Data Protection: Secure your sensitive school data with our robust protection measures. We ensure secure access control based on job descriptions, safeguarding all stored information. Quality Monitoring & Supervision: Monitor and supervise the educational process to ensure smooth operations and quality control. Track progress and maintain high standards across all school activities. Comprehensive Digital Services: Offer a wide range of online services including student enrollment, online registration, and secure payment of fees. Simplify administrative tasks with our integrated digital platform. Eco-Friendly & Cost-Effective: Reduce costs, burden alleviation, and environmental protection by going paperless. Achieve significant cost savings while contributing to environmental sustainability. Empowering Educators: Equip your teachers with powerful tools for detailed student assessments, attendance management, and behavior tracking. Enhance teaching effectiveness and student engagement.
 Section: Why eSchool?
 URL: https://web.myeschoolhome.com/ . 

 Text: It's an honor for us to receive this certificate. We would like to thank you and your team for all the support you gave and for always being there. We wish you continuous success in your business. Thank you. Written by: Mrs. Rabab Abdullah Juma, Director
 Section: What Our Clients Say
 URL: https://web.myeschoolhome.com/ . 

 Text: Characteristics: Most Advanced School Systems in Mena, School Management System, Learning Management System, Content Management System. 2.Empower your school with AI. 3.Build the future of your school. 4.Engage your school community. 5.All in one integrated ERP system
 Section: Characteristics
 URL: https://web.myeschoolhome.com/ . 

 Text: eSchool Connect: HR Services: An integrated Human Resources (HR) service is provided, significantly streamlining administrative processes related to personnel management. This feature offers a centralized platform where staff can efficiently handle various HR matters. From managing employee records and facilitating leave requests to handling payroll and other administrative tasks, the integrated HR service enhances organizational efficiency. By consolidating these functions within the app, the school not only simplifies its administrative workload but also ensures a more organized and accessible approach to human resource management, contributing to a smoother overall operation.
 Section: HR Services
 URL: https://web.myeschoolhome.com/products/connect . 

 Text: Overview: Contact Us | Get in Touch with eSchool Team. Have questions or need support? Reach out to the eSchool team for product inquiries, partnerships, or customer service assistance. We're here to help. eschool contact, get in touch, school software support, edtech contact, education solutions inquiry, eschool Lebanon.
 Section: Overview
 URL: https://web.myeschoolhome.com/contact . 

 Text: eSchool Exams: Tracking Exam Objectives with Online App Analytics: Teachers can use the online exam to set exam's objectives and then check how well students meet these objectives. The app's analytics provide insights into the percentage of objectives reached by each student, allowing teachers to assess alignment between exam performance and set objectives efficiently.
 Section: Tracking Exam Objectives with Online App Analytics
 URL: https://web.myeschoolhome.com/products/exams . 

 Text: Product eSchool Connect: Seamless communication between parents, teachers, and students. Features: Parent Portal. Teacher Chat. Student Community
 Section: eSchool Connect
 URL: https://web.myeschoolhome.com/products/connect . 

 Text: eSchool Gradebook enhances teachers' productivity by facilitating: Seamless communication:Streamlining the sharing of comments among teachers and managers to ensure effective collaboration and feedback exchange. Comprehensive organization:Structuring lessons, objectives, and sub-objectives systematically to optimize teaching strategies and student learning outcomes. Tailored scheduling:Enabling the customization of specific schedules for each teacher to maximize efficiency and resource allocation.
 Section: eSchool Gradebook enhances teachers' productivity by facilitating
 URL: https://web.myeschoolhome.com/products/gradebook . 

 Text: Insights: 9.1 million agendas. 4.7 million resources. 2.1 million live classes. 171.9 thousand online exams.
 Section: Insights
 URL: https://web.myeschoolhome.com/ . 

 Text: Interactive Online Learning: Deliver education through our comprehensive online platform, offering interactive lessons and the ability to create a complete virtual school environment. Advanced Operations Tracking: Track operations through comprehensive financial reports, administrative records, statistical analysis, and visual representations for informed decision-making. Smart Attendance Management: Efficiently manage employee attendance and absenteeism through a dedicated application with unique features designed for educational institutions. Digital Textbook Solution: Alleviate the burden of school bags by digitizing textbooks and eliminating the need for physical copies. Modern learning made accessible and portable. Accreditation Support: Assist your school in achieving accreditation with comprehensive documentation, reporting, and compliance tools designed to meet educational standards. Enhanced Parent Engagement: Enable parents to conveniently request certificates and schedule appointments with the administration. Facilitate seamless communication between all stakeholders. Ministry of Education Compliance: Highly aligned with the requirements of the Ministry of Education and major educational institutions, seamlessly integrating into the network of affiliated schools nationwide. Digital Memory Preservation: Create a uniquely distinctive yearbook for the school, capturing precious memories in a remarkable way that celebrates your institution's achievements and milestones. Multi-Stakeholder Communication: Facilitate communication between the administrative body, educational faculty, parents, and students through integrated messaging and collaboration tools.
 Section: Why eSchool?
 URL: https://web.myeschoolhome.com/ . 

 Text: Product eSchool Room: It provides a robust platform that engages students with interactive content, and effective educational experience.. Features: Interactive Content. Student Engagement. Educational Experience
 Section: eSchool Room
 URL: https://web.myeschoolhome.com/products/room . 

 Text: eSchool Agenda: Effortless Organizer: Transform your student life with our dynamic homework organizer. Seamlessly navigate assignments, deadlines, and study sessions, empowering you to excel academically while staying organized and focused. With intuitive features tailored for students, including progress tracking and deadline reminders, our platform becomes your indispensable companion throughout your academic journey. Embrace efficiency and success with our dedicated homework organizer, and make the most of your student experience.
 Section: Effortless Organizer
 URL: https://web.myeschoolhome.com/products/agenda . 

 Text: eSchool Administrator Academic File: It manages the class grades policy, subjects, and teacher assignments. It allows for customized assessments for individual students and generates various reports for administrators to monitor student progress. Additionally, it facilitates the printing and distribution of certificates and includes a section for assessing kindergarten students based on defined goals and competencies. Supervisors delineate the objectives and criteria pertinent to each subject. A series of forms are crafted encompassing subject-specific objectives and observation criteria. Reports: This segment facilitates the generation of customized reports for individual supervisors, highlighting their completed tasks and activities. It manages the tasks of educational counselors, including student support and case management, connecting them to individual student records and statistical data.
 Section: Academic File
 URL: https://web.myeschoolhome.com/products/administrator . 
----------------------------------------
time=2026-01-09 11:44:45
ip=127.0.0.1
user_query=what app is mostly used by students?
stage=decision making
response=I don't have enough information to answer this based on the available data.
embedding_model=C:\Users\ADMIN\Documents\GitHub\eschool-chatbot-main\embeddinggemma-300m
collection_name=docs
retrieved_chunks=
----------------------------------------
time=2026-01-09 11:44:46
ip=127.0.0.1
user_query=what app is mostly used by students?
stage=answer generation
response={
  "answer": "I don’t have enough information to answer this based on the available data.",
  "confidence": 0.1
}
embedding_model=C:\Users\ADMIN\Documents\GitHub\eschool-chatbot-main\embeddinggemma-300m
collection_name=docs
retrieved_chunks= Text: Platform Audience: Built for Every Role in Your School Community. Our platform adapts to meet the unique needs of students, parents, teachers, and administrators, creating a unified educational ecosystem. 1. Students, Smart Learners. Access your lessons, exams, and school updates from anywhere. Learn, collaborate, and stay informed through a personalized platform. Features: Course Materials & Videos, Timetable & Agenda View, Online Exams & Results, Messaging with Teachers. 2.Parents, Informed Guardians. Monitor your child's academic life in real time — grades, attendance, bus tracking, and more — all from one app. Features: Real-Time Grades & Attendance, Bus & School Notifications, Teacher & Admin Messaging, Calendar of Events. 3.Teachers, Academic Leaders. Simplify lesson delivery, grading, and student tracking with smart tools tailored for teaching efficiency. Features: Digital Lesson Plans & Uploads, Grading & Mark Entry, Student Performance Analytics, Attendance Recording. 4.Administrators, Operational Experts. Control academic, financial, and admin operations across all departments from one centralized dashboard. Features: Dashboard with Key Metrics, Staff & Student Management, Financial & Fee Tracking, Compliance & Reports
 Section: Platform Audience
 URL: https://web.myeschoolhome.com/ . 

 Text: eSchool Exams: Tracking Exam Objectives with Online App Analytics: Teachers can use the online exam to set exam's objectives and then check how well students meet these objectives. The app's analytics provide insights into the percentage of objectives reached by each student, allowing teachers to assess alignment between exam performance and set objectives efficiently.
 Section: Tracking Exam Objectives with Online App Analytics
 URL: https://web.myeschoolhome.com/products/exams . 

 Text: Product eSchool Connect: Seamless communication between parents, teachers, and students. Features: Parent Portal. Teacher Chat. Student Community
 Section: eSchool Connect
 URL: https://web.myeschoolhome.com/products/connect . 

 Text: eSchool Safety Overview: This is a School Safety & Attendance Monitoring | Secure Student Check-ins – eSchool. Always Know They’re Safe. eSchool Safety is a sophisticated mobile application designed for parents to seamlessly track their children's school bus in real-time, providing invaluable peace of mind. Ensure student safety with real-time attendance tracking, secure bus monitoring, and digital check-in systems via the eSchool platform.Keywords: eschool safety, student check-in, school attendance monitoring, student bus tracking, school security system, digital attendance Google Play: https://play.google.com/store/apps/details?id=com.eschool.safety App Store: https://apps.apple.com/us/app/eschool-safety/id1239307419 Web Version: https://www.myeschoolhome.com/account/login.html?lang=en&target=%2F
 Section: Overview
 URL: https://web.myeschoolhome.com/products/safety . 

 Text: eSchool Gradebook Overview: This is a Online Gradebook System | Real-Time Student Grades – eSchool. Grades Made Smarter. The eSchool Gradebook is an all-in-one digital tool that allows teachers to record, manage, and share student grades in real time. It simplifies grading, supports transparent academic communication, and helps schools maintain accurate performance records effortlessly. Track and manage student performance with eSchool’s Gradebook. Access real-time grades, averages, and assessment reports for transparent academic tracking.Keywords: eschool gradebook, student grades online, digital report card, academic performance tracking, online assessment, school grading system Google Play: https://play.google.com/store/apps/details?id=com.eschool.gradebook App Store: https://apps.apple.com/us/app/eschool-gradebook/id1322901106 Web Version: https://www.myeschoolhome.com/account/login.html?lang=en&target=%2F
 Section: Overview
 URL: https://web.myeschoolhome.com/products/gradebook . 

 Text: Insights: 9.1 million agendas. 4.7 million resources. 2.1 million live classes. 171.9 thousand online exams.
 Section: Insights
 URL: https://web.myeschoolhome.com/ . 

 Text: eSchool Connect Overview: This is a Parent-Teacher Online Communication Platform | eSchool Connect. School Communication. A secure communication platform uniting teachers, parents, and students. Integrated within eSchool LMS and mobile app, it supports smooth, safe communication across your school community. Enhance online communication between parents, students, and teachers with eSchool Connect. Stay updated with messages, announcements, and school updates in real-time.Keywords: eschool connect, parent-teacher communication, school notifications, online school messaging, real-time updates, school announcements Google Play: https://play.google.com/store/apps/details?id=xdk.intel.cordova.eSchoolApp App Store: https://apps.apple.com/us/app/eschool-connect/id1056313709 Web Version: https://www.myeschoolhome.com/account/login.html?lang=en&target=%2F
 Section: Overview
 URL: https://web.myeschoolhome.com/products/connect . 

 Text: eSchool Connect: Comments, Likes: Parents are given the opportunity to actively participate in the school community through the app's features, allowing them to comment on and express appreciation for various posts. By enabling interactions such as commenting and liking, the app not only facilitates communication but also cultivates a sense of community within the parental network. This engagement not only strengthens the connection between parents and educators but also creates a collaborative atmosphere where shared insights, questions, and positive feedback contribute to a more vibrant and supportive school environment.
 Section: Comments, Likes
 URL: https://web.myeschoolhome.com/products/connect . 

 Text: Product eSchool Room: It provides a robust platform that engages students with interactive content, and effective educational experience.. Features: Interactive Content. Student Engagement. Educational Experience
 Section: eSchool Room
 URL: https://web.myeschoolhome.com/products/room . 

 Text: eSchool Connect: Resources, Ebook, Shelves and Shared folder: It provides students with a user-friendly interface, allowing them to effortlessly explore an extensive library that encompasses both traditional and digital book resources. This seamless navigation enhances the overall academic experience, as students can easily access a diverse range of materials tailored to their educational needs. Whether opting for conventional textbooks or embracing the convenience of e-books, the app creates a dynamic environment for enriched academic exploration, promoting self-directed learning and catering to various learning preferences.
 Section: Resources, Ebook, Shelves and Shared folder
 URL: https://web.myeschoolhome.com/products/connect . 

 Text: eSchool Room: Ensuring Safety: The application ensures security through encryption, secure login credentials, and regular updates. We prioritize user privacy and conduct security audits to maintain a safe learning environment for all users.
 Section: Ensuring Safety
 URL: https://web.myeschoolhome.com/products/room . 

 Text: eSchool Content Overview: This is a Digital Learning Resources | Upload & Share Educational Content – eSchool. Digital Learning Resources. Rich digital content library and learning resources platform that delivers educational materials—articles, videos, interactive content—to support student learning. Distribute educational materials and digital content through eSchool. Empower teachers and students with access to files, lectures, and multimedia resources.Keywords: eschool content, digital education materials, learning resources, e-learning platform, school content sharing, online lectures Google Play: https://play.google.com/store/apps/details?id=eschool.apps.eschoolshelves App Store: https://apps.apple.com/us/app/eschool-content/id1296241492 Web Version: https://www.myeschoolhome.com/account/login.html?lang=en&target=%2F
 Section: Overview
 URL: https://web.myeschoolhome.com/products/content . 

 Text: eSchool Room: Record your meetings, activities, and shared screens, then access them from an archive where students replay missed lessons and teachers pull clips for evidence of curriculum coverage.
 Section: Record Your meetings, activities, shared screens and find it archived
 URL: https://web.myeschoolhome.com/products/room . 

 Text: eSchool Connect: Online Polls, Statistics, Evaluations: It offers parents a seamless experience by allowing effortless access to comprehensive statistical data and polls. This user-friendly platform empowers parents to stay well-informed about their child's educational journey. Through the app, they can efficiently review academic performance metrics, attendance records, and other relevant statistics. Additionally, the inclusion of polls facilitates parent engagement, enabling them to contribute feedback and opinions on various aspects of their child's schooling experience. This collaborative and accessible approach not only keeps parents informed but also actively involves them in supporting and enhancing their child's educational progress.
 Section: Online Polls, Statistics, Evaluations
 URL: https://web.myeschoolhome.com/products/connect . 

 Text: eSchool Room: Create a Webinar from Agenda App: Teachers are able to create engaging webinars for students. This fosters interactive learning, allowing for group discussions, presentations, and real-time participation. The feature enhances student engagement and fosters a sense of community in the virtual classroom.
 Section: Create a Webinar from Agenda App
 URL: https://web.myeschoolhome.com/products/room . 
----------------------------------------
time=2026-01-09 11:44:59
ip=127.0.0.1
user_query=who uses gradebook?
stage=decision making
response={
  "category": "related",
  "answer": "",
  "confidence": 0.95
}
embedding_model=C:\Users\ADMIN\Documents\GitHub\eschool-chatbot-main\embeddinggemma-300m
collection_name=docs
retrieved_chunks=
----------------------------------------
time=2026-01-09 11:45:00
ip=127.0.0.1
user_query=who uses gradebook?
stage=answer generation
response={
  "answer": "The eSchool Gradebook is used primarily by teachers. It allows them to record, manage, and share student grades in real time. It also facilitates seamless communication and collaboration among teachers and managers, and helps administrators by generating reports to monitor student progress.",
  "confidence": 0.9
}
embedding_model=C:\Users\ADMIN\Documents\GitHub\eschool-chatbot-main\embeddinggemma-300m
collection_name=docs
retrieved_chunks= Text: Product eSchool Gradebook: Comprehensive grade management and progress tracking. Features: Grade Analytics. Progress Reports. Assessment Tools
 Section: eSchool Gradebook
 URL: https://web.myeschoolhome.com/products/gradebook . 

 Text: eSchool Gradebook Overview: This is a Online Gradebook System | Real-Time Student Grades – eSchool. Grades Made Smarter. The eSchool Gradebook is an all-in-one digital tool that allows teachers to record, manage, and share student grades in real time. It simplifies grading, supports transparent academic communication, and helps schools maintain accurate performance records effortlessly. Track and manage student performance with eSchool’s Gradebook. Access real-time grades, averages, and assessment reports for transparent academic tracking.Keywords: eschool gradebook, student grades online, digital report card, academic performance tracking, online assessment, school grading system Google Play: https://play.google.com/store/apps/details?id=com.eschool.gradebook App Store: https://apps.apple.com/us/app/eschool-gradebook/id1322901106 Web Version: https://www.myeschoolhome.com/account/login.html?lang=en&target=%2F
 Section: Overview
 URL: https://web.myeschoolhome.com/products/gradebook . 

 Text: eSchool Gradebook enhances teachers' productivity by facilitating: Seamless communication:Streamlining the sharing of comments among teachers and managers to ensure effective collaboration and feedback exchange. Comprehensive organization:Structuring lessons, objectives, and sub-objectives systematically to optimize teaching strategies and student learning outcomes. Tailored scheduling:Enabling the customization of specific schedules for each teacher to maximize efficiency and resource allocation.
 Section: eSchool Gradebook enhances teachers' productivity by facilitating
 URL: https://web.myeschoolhome.com/products/gradebook . 

 Text: eSchool Gradebook: Organize Your Student's Grades, Behavior Status and Remarks: Develop an integrated student management system incorporating grade tracking, behavioral assessments, and remarks. This system will seamlessly integrate with the school's calendar, enabling teachers to schedule assignments and exams for students while providing the flexibility to attach relevant materials to the agenda.
 Section: Organize Your Student's Grades, Behavior Status and Remarks
 URL: https://web.myeschoolhome.com/products/gradebook . 

 Text: Product eSchool Exams: Digital examination system with automated grading. Features: Online Testing. Auto Grading. Result Analytics
 Section: eSchool Exams
 URL: https://web.myeschoolhome.com/products/exams . 

 Text: eSchool Gradebook: Set Your Weekly Calendar and Annual Objectives: Our integrated school calendar facilitates seamless assignment and exam management for teachers, empowering them to add tasks and assessments for students while offering the functionality to attach supplementary materials. This comprehensive platform streamlines academic planning and ensures efficient communication within the educational community.
 Section: Set Your Weekly Calendar and Annual Objectives
 URL: https://web.myeschoolhome.com/products/gradebook . 

 Text: eSchool Exams: Streamlining Exam Results with Online Tools: Teachers can efficiently manage exam results using an online exam app by saving them directly to the cloud. With the ability to export results to Gradebook, a dedicated app, educators can seamlessly update grades and access detailed statistics in the summary service. This streamlined process enhances organization, simplifies data management, and provides valuable insights for informed decision-making in educational assessment.
 Section: Streamlining Exam Results with Online Tools
 URL: https://web.myeschoolhome.com/products/exams . 

 Text: Product eSchool Agenda: Smart scheduling and calendar management for all school activities. Features: Event Management. Class Scheduling. Deadline Tracking
 Section: eSchool Agenda
 URL: https://web.myeschoolhome.com/products/agenda . 

 Text: eSchool Gradebook: Prepare Easily by Using Our Daily Planner: Harness the power of the Daily Planner to meticulously prepare lessons, ensuring thorough organization of steps, resources, and objectives. With this tool, you can seamlessly attach files and images, fostering enriched learning experiences. Furthermore, facilitate effective communication by sharing comments with managers, fostering collaboration and alignment with organizational goals.
 Section: Prepare Easily by Using Our Daily Planner
 URL: https://web.myeschoolhome.com/products/gradebook . 

 Text: Platform Audience: Built for Every Role in Your School Community. Our platform adapts to meet the unique needs of students, parents, teachers, and administrators, creating a unified educational ecosystem. 1. Students, Smart Learners. Access your lessons, exams, and school updates from anywhere. Learn, collaborate, and stay informed through a personalized platform. Features: Course Materials & Videos, Timetable & Agenda View, Online Exams & Results, Messaging with Teachers. 2.Parents, Informed Guardians. Monitor your child's academic life in real time — grades, attendance, bus tracking, and more — all from one app. Features: Real-Time Grades & Attendance, Bus & School Notifications, Teacher & Admin Messaging, Calendar of Events. 3.Teachers, Academic Leaders. Simplify lesson delivery, grading, and student tracking with smart tools tailored for teaching efficiency. Features: Digital Lesson Plans & Uploads, Grading & Mark Entry, Student Performance Analytics, Attendance Recording. 4.Administrators, Operational Experts. Control academic, financial, and admin operations across all departments from one centralized dashboard. Features: Dashboard with Key Metrics, Staff & Student Management, Financial & Fee Tracking, Compliance & Reports
 Section: Platform Audience
 URL: https://web.myeschoolhome.com/ . 

 Text: Product eSchool Connect: Seamless communication between parents, teachers, and students. Features: Parent Portal. Teacher Chat. Student Community
 Section: eSchool Connect
 URL: https://web.myeschoolhome.com/products/connect . 

 Text: Overview: This is a Our Products | Comprehensive School Management Solutions – eSchool. Explore eSchool's suite of digital products designed to streamline education operations—ranging from attendance tracking and grade reporting to financial and communication tools for modern schools.Keywords: eschool products, school software, education technology, attendance system, gradebook software, school financial tools, online school platform, school digital transformation
 Section: Overview
 URL: https://web.myeschoolhome.com/products . 

 Text: eSchool Room: Record your meetings, activities, and shared screens, then access them from an archive where students replay missed lessons and teachers pull clips for evidence of curriculum coverage.
 Section: Record Your meetings, activities, shared screens and find it archived
 URL: https://web.myeschoolhome.com/products/room . 

 Text: eSchool Administrator Academic File: It manages the class grades policy, subjects, and teacher assignments. It allows for customized assessments for individual students and generates various reports for administrators to monitor student progress. Additionally, it facilitates the printing and distribution of certificates and includes a section for assessing kindergarten students based on defined goals and competencies. Supervisors delineate the objectives and criteria pertinent to each subject. A series of forms are crafted encompassing subject-specific objectives and observation criteria. Reports: This segment facilitates the generation of customized reports for individual supervisors, highlighting their completed tasks and activities. It manages the tasks of educational counselors, including student support and case management, connecting them to individual student records and statistical data.
 Section: Academic File
 URL: https://web.myeschoolhome.com/products/administrator . 

 Text: Product eSchool Safety: Comprehensive security and compliance management. Features: Access Control. Emergency Protocols. Compliance Tracking
 Section: eSchool Safety
 URL: https://web.myeschoolhome.com/products/safety . 
----------------------------------------
time=2026-01-09 11:45:40
ip=127.0.0.1
user_query=what other apps do teacher use?
stage=decision making
response={
  "category": "related",
  "answer": "",
  "confidence": 1.0
}
embedding_model=C:\Users\ADMIN\Documents\GitHub\eschool-chatbot-main\embeddinggemma-300m
collection_name=docs
retrieved_chunks=
----------------------------------------
time=2026-01-09 11:45:42
ip=127.0.0.1
user_query=what other apps do teacher use?
stage=answer generation
response={
  "answer": "Teachers use eSchool Exams (for online testing and analytics), eSchool Gradebook (for managing and sharing student grades), eSchool Room (for virtual classes and interactive content), and eSchool Content (for accessing and distributing digital learning resources).",
  "confidence": 1.0
}
embedding_model=C:\Users\ADMIN\Documents\GitHub\eschool-chatbot-main\embeddinggemma-300m
collection_name=docs
retrieved_chunks= Text: eSchool Connect Overview: This is a Parent-Teacher Online Communication Platform | eSchool Connect. School Communication. A secure communication platform uniting teachers, parents, and students. Integrated within eSchool LMS and mobile app, it supports smooth, safe communication across your school community. Enhance online communication between parents, students, and teachers with eSchool Connect. Stay updated with messages, announcements, and school updates in real-time.Keywords: eschool connect, parent-teacher communication, school notifications, online school messaging, real-time updates, school announcements Google Play: https://play.google.com/store/apps/details?id=xdk.intel.cordova.eSchoolApp App Store: https://apps.apple.com/us/app/eschool-connect/id1056313709 Web Version: https://www.myeschoolhome.com/account/login.html?lang=en&target=%2F
 Section: Overview
 URL: https://web.myeschoolhome.com/products/connect . 

 Text: eSchool Exams: Tracking Exam Objectives with Online App Analytics: Teachers can use the online exam to set exam's objectives and then check how well students meet these objectives. The app's analytics provide insights into the percentage of objectives reached by each student, allowing teachers to assess alignment between exam performance and set objectives efficiently.
 Section: Tracking Exam Objectives with Online App Analytics
 URL: https://web.myeschoolhome.com/products/exams . 

 Text: eSchool Exams: Streamlining Exam Results with Online Tools: Teachers can efficiently manage exam results using an online exam app by saving them directly to the cloud. With the ability to export results to Gradebook, a dedicated app, educators can seamlessly update grades and access detailed statistics in the summary service. This streamlined process enhances organization, simplifies data management, and provides valuable insights for informed decision-making in educational assessment.
 Section: Streamlining Exam Results with Online Tools
 URL: https://web.myeschoolhome.com/products/exams . 

 Text: eSchool Gradebook Overview: This is a Online Gradebook System | Real-Time Student Grades – eSchool. Grades Made Smarter. The eSchool Gradebook is an all-in-one digital tool that allows teachers to record, manage, and share student grades in real time. It simplifies grading, supports transparent academic communication, and helps schools maintain accurate performance records effortlessly. Track and manage student performance with eSchool’s Gradebook. Access real-time grades, averages, and assessment reports for transparent academic tracking.Keywords: eschool gradebook, student grades online, digital report card, academic performance tracking, online assessment, school grading system Google Play: https://play.google.com/store/apps/details?id=com.eschool.gradebook App Store: https://apps.apple.com/us/app/eschool-gradebook/id1322901106 Web Version: https://www.myeschoolhome.com/account/login.html?lang=en&target=%2F
 Section: Overview
 URL: https://web.myeschoolhome.com/products/gradebook . 

 Text: eSchool Content Overview: This is a Digital Learning Resources | Upload & Share Educational Content – eSchool. Digital Learning Resources. Rich digital content library and learning resources platform that delivers educational materials—articles, videos, interactive content—to support student learning. Distribute educational materials and digital content through eSchool. Empower teachers and students with access to files, lectures, and multimedia resources.Keywords: eschool content, digital education materials, learning resources, e-learning platform, school content sharing, online lectures Google Play: https://play.google.com/store/apps/details?id=eschool.apps.eschoolshelves App Store: https://apps.apple.com/us/app/eschool-content/id1296241492 Web Version: https://www.myeschoolhome.com/account/login.html?lang=en&target=%2F
 Section: Overview
 URL: https://web.myeschoolhome.com/products/content . 

 Text: eSchool Room Overview: This is a Live Online Classes | Virtual Learning Platform – eSchool. Virtual Classroom Platform. It provides a robust platform that engages students with interactive content, and effective educational experience through virtual classroom features. Deliver interactive virtual classes with eSchool Live. Host real-time lessons, share presentations, and engage students in a secure online classroom.Keywords: eschool live class, virtual classroom, online teaching, real-time school classes, digital lessons, remote learning platform Google Play: https://play.google.com/store/apps/details?id=com.eschool.liveclass App Store: https://apps.apple.com/us/app/eschool-rooms/id1585677892 Web Version: https://www.myeschoolhome.com/account/login.html?lang=en&target=%2F
 Section: Overview
 URL: https://web.myeschoolhome.com/products/room . 

 Text: Product eSchool Connect: Seamless communication between parents, teachers, and students. Features: Parent Portal. Teacher Chat. Student Community
 Section: eSchool Connect
 URL: https://web.myeschoolhome.com/products/connect . 

 Text: eSchool Room: Create a Webinar from Agenda App: Teachers are able to create engaging webinars for students. This fosters interactive learning, allowing for group discussions, presentations, and real-time participation. The feature enhances student engagement and fosters a sense of community in the virtual classroom.
 Section: Create a Webinar from Agenda App
 URL: https://web.myeschoolhome.com/products/room . 

 Text: eSchool Safety Overview: This is a School Safety & Attendance Monitoring | Secure Student Check-ins – eSchool. Always Know They’re Safe. eSchool Safety is a sophisticated mobile application designed for parents to seamlessly track their children's school bus in real-time, providing invaluable peace of mind. Ensure student safety with real-time attendance tracking, secure bus monitoring, and digital check-in systems via the eSchool platform.Keywords: eschool safety, student check-in, school attendance monitoring, student bus tracking, school security system, digital attendance Google Play: https://play.google.com/store/apps/details?id=com.eschool.safety App Store: https://apps.apple.com/us/app/eschool-safety/id1239307419 Web Version: https://www.myeschoolhome.com/account/login.html?lang=en&target=%2F
 Section: Overview
 URL: https://web.myeschoolhome.com/products/safety . 

 Text: Platform Audience: Built for Every Role in Your School Community. Our platform adapts to meet the unique needs of students, parents, teachers, and administrators, creating a unified educational ecosystem. 1. Students, Smart Learners. Access your lessons, exams, and school updates from anywhere. Learn, collaborate, and stay informed through a personalized platform. Features: Course Materials & Videos, Timetable & Agenda View, Online Exams & Results, Messaging with Teachers. 2.Parents, Informed Guardians. Monitor your child's academic life in real time — grades, attendance, bus tracking, and more — all from one app. Features: Real-Time Grades & Attendance, Bus & School Notifications, Teacher & Admin Messaging, Calendar of Events. 3.Teachers, Academic Leaders. Simplify lesson delivery, grading, and student tracking with smart tools tailored for teaching efficiency. Features: Digital Lesson Plans & Uploads, Grading & Mark Entry, Student Performance Analytics, Attendance Recording. 4.Administrators, Operational Experts. Control academic, financial, and admin operations across all departments from one centralized dashboard. Features: Dashboard with Key Metrics, Staff & Student Management, Financial & Fee Tracking, Compliance & Reports
 Section: Platform Audience
 URL: https://web.myeschoolhome.com/ . 

 Text: eSchool Room: Simple Scheduling: Teachers can easily schedule meetings through our school app by accessing the scheduling feature, where they can specify the date, time, and duration of the meeting. Additionally, teachers have the option to choose who can enter the meeting as well. This ensures privacy and allows for tailored discussions. By providing these customizable options, teachers can efficiently organize meetings that suit their schedules and preferences, fostering effective communication between parents, teachers, and students.
 Section: Simple Scheduling
 URL: https://web.myeschoolhome.com/products/room . 

 Text: eSchool Room: Ensuring Safety: The application ensures security through encryption, secure login credentials, and regular updates. We prioritize user privacy and conduct security audits to maintain a safe learning environment for all users.
 Section: Ensuring Safety
 URL: https://web.myeschoolhome.com/products/room . 

 Text: eSchool Room: Record your meetings, activities, and shared screens, then access them from an archive where students replay missed lessons and teachers pull clips for evidence of curriculum coverage.
 Section: Record Your meetings, activities, shared screens and find it archived
 URL: https://web.myeschoolhome.com/products/room . 

 Text: Insights: 9.1 million agendas. 4.7 million resources. 2.1 million live classes. 171.9 thousand online exams.
 Section: Insights
 URL: https://web.myeschoolhome.com/ . 

 Text: Product eSchool Room: It provides a robust platform that engages students with interactive content, and effective educational experience.. Features: Interactive Content. Student Engagement. Educational Experience
 Section: eSchool Room
 URL: https://web.myeschoolhome.com/products/room . 
----------------------------------------
time=2026-01-09 11:46:00
ip=127.0.0.1
user_query=do students use exams?
stage=decision making
response={
  "category": "related",
  "answer": "",
  "confidence": 1.0
}
embedding_model=C:\Users\ADMIN\Documents\GitHub\eschool-chatbot-main\embeddinggemma-300m
collection_name=docs
retrieved_chunks=
----------------------------------------
time=2026-01-09 11:46:02
ip=127.0.0.1
user_query=do students use exams?
stage=answer generation
response={
  "answer": "Based on the retrieved context, students can access exams and receive performance feedback through the eSchool platform. The context mentions that the system allows students to have 'seamless access to performance feedback' and that 'Online Exam' facilitates 'remote, timed examinations'. However, the specific details about the student interface or application are not provided.",
  "confidence": 0.7
}
embedding_model=C:\Users\ADMIN\Documents\GitHub\eschool-chatbot-main\embeddinggemma-300m
collection_name=docs
retrieved_chunks= Text: eSchool Exams: Tracking Exam Objectives with Online App Analytics: Teachers can use the online exam to set exam's objectives and then check how well students meet these objectives. The app's analytics provide insights into the percentage of objectives reached by each student, allowing teachers to assess alignment between exam performance and set objectives efficiently.
 Section: Tracking Exam Objectives with Online App Analytics
 URL: https://web.myeschoolhome.com/products/exams . 

 Text: Product eSchool Exams: Digital examination system with automated grading. Features: Online Testing. Auto Grading. Result Analytics
 Section: eSchool Exams
 URL: https://web.myeschoolhome.com/products/exams . 

 Text: eSchool Exams: Paper Exam: Generate printable exam booklets, attendance sheets, and answer templates, then log results manually so traditional assessments stay synchronized with the digital system for consolidated reporting.
 Section: Paper Exam
 URL: https://web.myeschoolhome.com/products/exams . 

 Text: eSchool Exams: Features: Configure time limits per exam, reveal correct answers on submission, tag every question with a difficulty level, and attach supporting files to answer keys for richer feedback and exam integrity.
 Section: Features
 URL: https://web.myeschoolhome.com/products/exams . 

 Text: eSchool Exams Overview: This is a Exam Management System | Schedule & Track School Exams – eSchool. Digital Examination System. Digital examination system with automated grading and comprehensive exam management features. Organize exams efficiently with eSchool. Plan exam schedules, publish results, and provide students with seamless access to performance feedback.Keywords: eschool exams, exam scheduling, school assessments, student results, online exam platform, exam results management Google Play:  App Store:  Web Version: https://www.myeschoolhome.com/account/login.html?lang=en&target=%2F#/!/home
 Section: Overview
 URL: https://web.myeschoolhome.com/products/exams . 

 Text: eSchool Exams: Streamlining Exam Results with Online Tools: Teachers can efficiently manage exam results using an online exam app by saving them directly to the cloud. With the ability to export results to Gradebook, a dedicated app, educators can seamlessly update grades and access detailed statistics in the summary service. This streamlined process enhances organization, simplifies data management, and provides valuable insights for informed decision-making in educational assessment.
 Section: Streamlining Exam Results with Online Tools
 URL: https://web.myeschoolhome.com/products/exams . 

 Text: eSchool Exams: Varied Question Types: Easily you have a range of question types, such as multiple-choice, true/false, short answer, essay, and multimedia questions. These diverse options accommodate various assessment needs, catering to different learning styles and educational objectives within a professional setting.
 Section: Varied Question Types
 URL: https://web.myeschoolhome.com/products/exams . 

 Text: eSchool Exams: Online Exam: The online exam streamlines assessment procedures by facilitating remote, timed examinations with automated grading and comprehensive analytical insights. This professional tool enhances efficiency and engagement in educational processes while providing educators with valuable data-driven feedback for continuous improvement.
 Section: Online Exam
 URL: https://web.myeschoolhome.com/products/exams . 

 Text: Insights: 9.1 million agendas. 4.7 million resources. 2.1 million live classes. 171.9 thousand online exams.
 Section: Insights
 URL: https://web.myeschoolhome.com/ . 

 Text: Product eSchool Room: It provides a robust platform that engages students with interactive content, and effective educational experience.. Features: Interactive Content. Student Engagement. Educational Experience
 Section: eSchool Room
 URL: https://web.myeschoolhome.com/products/room . 

 Text: eSchool Room: Record your meetings, activities, and shared screens, then access them from an archive where students replay missed lessons and teachers pull clips for evidence of curriculum coverage.
 Section: Record Your meetings, activities, shared screens and find it archived
 URL: https://web.myeschoolhome.com/products/room . 

 Text: eSchool Gradebook: Organize Your Student's Grades, Behavior Status and Remarks: Develop an integrated student management system incorporating grade tracking, behavioral assessments, and remarks. This system will seamlessly integrate with the school's calendar, enabling teachers to schedule assignments and exams for students while providing the flexibility to attach relevant materials to the agenda.
 Section: Organize Your Student's Grades, Behavior Status and Remarks
 URL: https://web.myeschoolhome.com/products/gradebook . 

 Text: eSchool Gradebook Overview: This is a Online Gradebook System | Real-Time Student Grades – eSchool. Grades Made Smarter. The eSchool Gradebook is an all-in-one digital tool that allows teachers to record, manage, and share student grades in real time. It simplifies grading, supports transparent academic communication, and helps schools maintain accurate performance records effortlessly. Track and manage student performance with eSchool’s Gradebook. Access real-time grades, averages, and assessment reports for transparent academic tracking.Keywords: eschool gradebook, student grades online, digital report card, academic performance tracking, online assessment, school grading system Google Play: https://play.google.com/store/apps/details?id=com.eschool.gradebook App Store: https://apps.apple.com/us/app/eschool-gradebook/id1322901106 Web Version: https://www.myeschoolhome.com/account/login.html?lang=en&target=%2F
 Section: Overview
 URL: https://web.myeschoolhome.com/products/gradebook . 

 Text: eSchool Room: Productive Meetings: eSchool Rooms offers a dynamic learning environment with whiteboard writing, video, and voice communication for real-time interaction. Features like commenting, media sharing, quizzes, and polls enhance engagement and comprehension, while recording sessions ensure accessibility. Interactive chat fosters communication and community among students and instructors, creating an immersive and effective online learning experience.
 Section: Productive Meetings
 URL: https://web.myeschoolhome.com/products/room . 

 Text: eSchool Room: Ensuring Safety: The application ensures security through encryption, secure login credentials, and regular updates. We prioritize user privacy and conduct security audits to maintain a safe learning environment for all users.
 Section: Ensuring Safety
 URL: https://web.myeschoolhome.com/products/room . 
----------------------------------------
time=2026-01-09 11:55:49
ip=127.0.0.1
user_query=hello
stage=decision making
response={
  "category": "unrelated",
  "answer": "Hello! How can I assist you with the school management system today?",
  "confidence": 1.0
}
embedding_model=C:\Users\ADMIN\Documents\GitHub\eschool-chatbot-main\embeddinggemma-300m
collection_name=docs
retrieved_chunks=
----------------------------------------
time=2026-01-09 12:17:14
ip=127.0.0.1
user_query=hello
stage=decision making
response={
  "category": "unrelated",
  "answer": "Hello! How can I assist you with the school management system today?",
  "confidence": 1.0
}
embedding_model=C:\Users\ADMIN\Documents\GitHub\eschool-chatbot-main\embeddinggemma-300m
collection_name=docs
retrieved_chunks=
----------------------------------------
